"Article","Domain","FileTitle","License","Artist","DescriptionUrl","SourceUrl","RemoteSha1","ManifestSha1","CachePath","Bytes","VerifiedUtc","Decision"
"Pregnancy","Medicine","File:10 weeks pregnant.png","CC BY-SA 2.5","Melchior Meijer","https://commons.wikimedia.org/wiki/File:10_weeks_pregnant.png","https://upload.wikimedia.org/wikipedia/commons/c/c4/10_weeks_pregnant.png?utm_source=en.wikipedia.org&utm_campaign=imageinfo&utm_content=original","c3b6c0195937fd81623bbe257e25c12cc460122a","c3b6c0195937fd81623bbe257e25c12cc460122a","WikiProject_v0.5/xowa_app_windows_64_v4.6.12.2009/file/commons.wikimedia.org/orig/c/4/8/c/10_weeks_pregnant.png","8892","2026-08-10T18:51:39.4369469Z","INCLUDE"
"Human brain","Medicine","File:1605 Brocas and Wernickes Areas-02.jpg","CC BY 3.0","OpenStax College","https://commons.wikimedia.org/wiki/File:1605_Brocas_and_Wernickes_Areas-02.jpg","https://upload.wikimedia.org/wikipedia/commons/b/b6/1605_Brocas_and_Wernickes_Areas-02.jpg?utm_source=en.wikipedia.org&utm_campaign=imageinfo&utm_content=original","248ada5fedc5d295c1ec6f7638211936bec9d7d4","248ada5fedc5d295c1ec6f7638211936bec9d7d4","WikiProject_v0.5/xowa_app_windows_64_v4.6.12.2009/file/commons.wikimedia.org/orig/b/6/c/7/1605_Brocas_and_Wernickes_Areas-02.jpg","339292","2026-08-10T18:51:37.7612645Z","INCLUDE"
"Transistor","Electrical","File:1957(Figure 9)-Gate oxide transistor by Frosch and Derrick.png","CC BY-SA 4.0","Wikain","https://commons.wikimedia.org/wiki/File:1957(Figure_9)-Gate_oxide_transistor_by_Frosch_and_Derrick.png","https://upload.wikimedia.org/wikipedia/commons/7/75/1957%28Figure_9%29-Gate_oxide_transistor_by_Frosch_and_Derrick.png?utm_source=en.wikipedia.org&utm_campaign=imageinfo&utm_content=original","61a923fd14defa39bc4abc5cbf309302ac95243e","61a923fd14defa39bc4abc5cbf309302ac95243e","WikiProject_v0.5/xowa_app_windows_64_v4.6.12.2009/file/commons.wikimedia.org/orig/7/5/1/a/1957(Figure_9)-Gate_oxide_transistor_by_Frosch_and_Derrick.png","26358","2026-08-10T18:52:00.4764038Z","INCLUDE"
"Internal combustion engine","Engineering","File:1970 AMX BBG-2part3.JPG","Public domain","CZmarlin — Christopher Ziemnowicz, releases all rights but a photo credit would be nice if this image is used anywhere other than Wikipedia.","https://commons.wikimedia.org/wiki/File:1970_AMX_BBG-2part3.JPG","https://upload.wikimedia.org/wikipedia/commons/thumb/e/e7/1970_AMX_BBG-2part3.JPG/1920px-1970_AMX_BBG-2part3.JPG?utm_source=en.wikipedia.org&utm_campaign=imageinfo&utm_content=thumbnail","9f7749b3c6f113dadaf394f454d1e10c6a0d6362","9f7749b3c6f113dadaf394f454d1e10c6a0d6362","WikiProject_v0.5/xowa_app_windows_64_v4.6.12.2009/file/commons.wikimedia.org/orig/e/7/1/5/1970_AMX_BBG-2part3.JPG","489554","2026-08-10T18:51:40.3588087Z","INCLUDE"
"Pregnancy","Medicine","File:20 weeks pregnant.png","CC BY-SA 2.5","","https://commons.wikimedia.org/wiki/File:20_weeks_pregnant.png","https://upload.wikimedia.org/wikipedia/commons/3/3f/20_weeks_pregnant.png?utm_source=en.wikipedia.org&utm_campaign=imageinfo&utm_content=original","820860d22c1bb925b26de665b7315810f7b87c68","820860d22c1bb925b26de665b7315810f7b87c68","WikiProject_v0.5/xowa_app_windows_64_v4.6.12.2009/file/commons.wikimedia.org/orig/3/f/a/9/20_weeks_pregnant.png","10386","2026-08-10T18:51:39.4369469Z","EXCLUDE_MISSING_CREDIT"
"Heart","Medicine","File:2004 Heart Wall.jpg","CC BY 3.0","OpenStax College","https://commons.wikimedia.org/wiki/File:2004_Heart_Wall.jpg","https://upload.wikimedia.org/wikipedia/commons/thumb/3/35/2004_Heart_Wall.jpg/1920px-2004_Heart_Wall.jpg?utm_source=en.wikipedia.org&utm_campaign=imageinfo&utm_content=thumbnail","0d6cfd82e0bb64f6352e0a96bb257e537165e362","0d6cfd82e0bb64f6352e0a96bb257e537165e362","WikiProject_v0.5/xowa_app_windows_64_v4.6.12.2009/file/commons.wikimedia.org/orig/3/5/9/1/2004_Heart_Wall.jpg","542693","2026-08-10T18:51:37.7586612Z","INCLUDE"
"Beekeeping","Agriculture","File:20140905-AMS-LSC-0334 (14965637958).jpg","Public domain","U.S. Department of Agriculture Lance Cheung/Multimedia PhotoJournalist","https://commons.wikimedia.org/wiki/File:20140905-AMS-LSC-0334_(14965637958).jpg","https://upload.wikimedia.org/wikipedia/commons/thumb/4/44/20140905-AMS-LSC-0334_%2814965637958%29.jpg/1920px-20140905-AMS-LSC-0334_%2814965637958%29.jpg?utm_source=en.wikipedia.org&utm_campaign=imageinfo&utm_content=thumbnail","b66647898947ed96a8566bfb2fb4efb9c39a83ea","b66647898947ed96a8566bfb2fb4efb9c39a83ea","WikiProject_v0.5/xowa_app_windows_64_v4.6.12.2009/file/commons.wikimedia.org/orig/4/4/6/1/20140905-AMS-LSC-0334_(14965637958).jpg","642538","2026-08-10T18:51:35.8279206Z","INCLUDE"
"Heart","Medicine","File:2027 Phases of the Cardiac Cycle.jpg","CC BY 3.0","OpenStax College","https://commons.wikimedia.org/wiki/File:2027_Phases_of_the_Cardiac_Cycle.jpg","https://upload.wikimedia.org/wikipedia/commons/thumb/3/38/2027_Phases_of_the_Cardiac_Cycle.jpg/1920px-2027_Phases_of_the_Cardiac_Cycle.jpg?utm_source=en.wikipedia.org&utm_campaign=imageinfo&utm_content=thumbnail","d7c0faaef1c387aea7c6d93f416a269d646f8c99","d7c0faaef1c387aea7c6d93f416a269d646f8c99","WikiProject_v0.5/xowa_app_windows_64_v4.6.12.2009/file/commons.wikimedia.org/orig/3/8/9/a/2027_Phases_of_the_Cardiac_Cycle.jpg","1242756","2026-08-10T18:51:37.2901914Z","INCLUDE"
"Heart","Medicine","File:2028 Cardiac Cycle vs Electrocardiogram.jpg","CC BY 3.0","OpenStax College","https://commons.wikimedia.org/wiki/File:2028_Cardiac_Cycle_vs_Electrocardiogram.jpg","https://upload.wikimedia.org/wikipedia/commons/8/8d/2028_Cardiac_Cycle_vs_Electrocardiogram.jpg?utm_source=en.wikipedia.org&utm_campaign=imageinfo&utm_content=thumbnail_unscaled","4939ae8d92f971acd519cd83c9d667ea5f1ef689","4939ae8d92f971acd519cd83c9d667ea5f1ef689","WikiProject_v0.5/xowa_app_windows_64_v4.6.12.2009/file/commons.wikimedia.org/orig/8/d/6/b/2028_Cardiac_Cycle_vs_Electrocardiogram.jpg","242777","2026-08-10T18:51:37.2901914Z","INCLUDE"
"Heart","Medicine","File:2029 Cardiac Cycle vs Heart Sounds.jpg","CC BY 3.0","OpenStax College","https://commons.wikimedia.org/wiki/File:2029_Cardiac_Cycle_vs_Heart_Sounds.jpg","https://upload.wikimedia.org/wikipedia/commons/f/f3/2029_Cardiac_Cycle_vs_Heart_Sounds.jpg?utm_source=en.wikipedia.org&utm_campaign=imageinfo&utm_content=thumbnail_unscaled","7804d1b41124c96078af2e71ca12940b8488747e","7804d1b41124c96078af2e71ca12940b8488747e","WikiProject_v0.5/xowa_app_windows_64_v4.6.12.2009/file/commons.wikimedia.org/orig/f/3/0/7/2029_Cardiac_Cycle_vs_Heart_Sounds.jpg","417867","2026-08-10T18:51:37.2901914Z","INCLUDE"
"Heart","Medicine","File:2037 Embryonic Development of Heart.jpg","CC BY 3.0","OpenStax College","https://commons.wikimedia.org/wiki/File:2037_Embryonic_Development_of_Heart.jpg","https://upload.wikimedia.org/wikipedia/commons/thumb/7/74/2037_Embryonic_Development_of_Heart.jpg/1920px-2037_Embryonic_Development_of_Heart.jpg?utm_source=en.wikipedia.org&utm_campaign=imageinfo&utm_content=thumbnail","b827d86b26752073f69c692332e2b01c83a6fdec","b827d86b26752073f69c692332e2b01c83a6fdec","WikiProject_v0.5/xowa_app_windows_64_v4.6.12.2009/file/commons.wikimedia.org/orig/7/4/6/9/2037_Embryonic_Development_of_Heart.jpg","1268404","2026-08-10T18:51:37.2922744Z","INCLUDE"
"Circulatory system","Medicine","File:2101 Blood Flow Through the Heart.jpg","CC BY 3.0","OpenStax College","https://commons.wikimedia.org/wiki/File:2101_Blood_Flow_Through_the_Heart.jpg","https://upload.wikimedia.org/wikipedia/commons/thumb/f/f2/2101_Blood_Flow_Through_the_Heart.jpg/1920px-2101_Blood_Flow_Through_the_Heart.jpg?utm_source=en.wikipedia.org&utm_campaign=imageinfo&utm_content=thumbnail","8b8b0fbc51634078bbcf93b75762143a4a80cd47","8b8b0fbc51634078bbcf93b75762143a4a80cd47","WikiProject_v0.5/xowa_app_windows_64_v4.6.12.2009/file/commons.wikimedia.org/orig/f/2/c/6/2101_Blood_Flow_Through_the_Heart.jpg","247449","2026-08-10T18:51:37.2871663Z","INCLUDE"
"Liver","Medicine","File:2104 Three Major Capillary Types.jpg","CC BY 4.0","OpenStax College","https://commons.wikimedia.org/wiki/File:2104_Three_Major_Capillary_Types.jpg","https://upload.wikimedia.org/wikipedia/commons/thumb/8/8d/2104_Three_Major_Capillary_Types.jpg/1920px-2104_Three_Major_Capillary_Types.jpg?utm_source=en.wikipedia.org&utm_campaign=imageinfo&utm_content=thumbnail","e88ebb430077bb75e4c26eec40e05afd2ab928fd","e88ebb430077bb75e4c26eec40e05afd2ab928fd","WikiProject_v0.5/xowa_app_windows_64_v4.6.12.2009/file/commons.wikimedia.org/orig/8/d/6/6/2104_Three_Major_Capillary_Types.jpg","131107","2026-08-10T18:51:38.9635012Z","INCLUDE"
"Beehive","Agriculture","File:2530 NRCS projects (39135370222).jpg","Public domain","USDA NRCS","https://commons.wikimedia.org/wiki/File:2530_NRCS_projects_(39135370222).jpg","https://upload.wikimedia.org/wikipedia/commons/thumb/8/8b/2530_NRCS_projects_%2839135370222%29.jpg/1280px-2530_NRCS_projects_%2839135370222%29.jpg?utm_source=en.wikipedia.org&utm_campaign=imageinfo&utm_content=thumbnail","9abbbe813d3b8c202ded9dc62ddeb5cb8e17a70a","9abbbe813d3b8c202ded9dc62ddeb5cb8e17a70a","WikiProject_v0.5/xowa_app_windows_64_v4.6.12.2009/file/commons.wikimedia.org/orig/8/b/3/f/2530_NRCS_projects_(39135370222).jpg","469421","2026-08-10T18:51:35.8031981Z","INCLUDE"
"Pregnancy","Medicine","File:2904 Preembryonic Development-02.jpg","CC BY 3.0","OpenStax College","https://commons.wikimedia.org/wiki/File:2904_Preembryonic_Development-02.jpg","https://upload.wikimedia.org/wikipedia/commons/thumb/7/75/2904_Preembryonic_Development-02.jpg/1920px-2904_Preembryonic_Development-02.jpg?utm_source=en.wikipedia.org&utm_campaign=imageinfo&utm_content=thumbnail","bf32ce2bdd43df5dc92052915f816e9f912a3b65","bf32ce2bdd43df5dc92052915f816e9f912a3b65","WikiProject_v0.5/xowa_app_windows_64_v4.6.12.2009/file/commons.wikimedia.org/orig/7/5/2/9/2904_Preembryonic_Development-02.jpg","465797","2026-08-10T18:51:39.4359413Z","INCLUDE"
"Inductor","Electrical","File:3Com OfficeConnect ADSL Wireless 11g Firewall Router 2012-10-28-0869.jpg","CC0","Slick","https://commons.wikimedia.org/wiki/File:3Com_OfficeConnect_ADSL_Wireless_11g_Firewall_Router_2012-10-28-0869.jpg","https://upload.wikimedia.org/wikipedia/commons/thumb/c/ca/3Com_OfficeConnect_ADSL_Wireless_11g_Firewall_Router_2012-10-28-0869.jpg/1920px-3Com_OfficeConnect_ADSL_Wireless_11g_Firewall_Router_2012-10-28-0869.jpg?utm_source=en.wikipedia.org&utm_campaign=imageinfo&utm_content=thumbnail","84f87b858154cf29e76b521301706840b4ed42e9","84f87b858154cf29e76b521301706840b4ed42e9","WikiProject_v0.5/xowa_app_windows_64_v4.6.12.2009/file/commons.wikimedia.org/orig/c/a/8/c/3Com_OfficeConnect_ADSL_Wireless_11g_Firewall_Router_2012-10-28-0869.jpg","436158","2026-08-10T18:52:00.4723925Z","INCLUDE"
"Ultrasound","Medicine","File:3dultrasound.png","Public domain","","https://commons.wikimedia.org/wiki/File:3dultrasound.png","https://commons.wikimedia.org/wiki/Special:Redirect/file/3dultrasound.png","3a99b2f6e773bc6fa5c6b1e9d89bcd6c24ff424a","3a99b2f6e773bc6fa5c6b1e9d89bcd6c24ff424a","WikiProject_v0.5/xowa_app_windows_64_v4.6.12.2009/file/commons.wikimedia.org/orig/3/9/a/c/3dultrasound.png","153031","2026-08-10T18:52:02.1311836Z","INCLUDE"
"Pregnancy","Medicine","File:40 weeks pregnant.png","CC BY-SA 2.5","","https://commons.wikimedia.org/wiki/File:40_weeks_pregnant.png","https://upload.wikimedia.org/wikipedia/commons/e/ea/40_weeks_pregnant.png?utm_source=en.wikipedia.org&utm_campaign=imageinfo&utm_content=original","41290dc6cdb5ec7a9171baa2fa9fcee020ee34dc","41290dc6cdb5ec7a9171baa2fa9fcee020ee34dc","WikiProject_v0.5/xowa_app_windows_64_v4.6.12.2009/file/commons.wikimedia.org/orig/e/a/9/7/40_weeks_pregnant.png","11732","2026-08-10T18:51:39.4369469Z","EXCLUDE_MISSING_CREDIT"
"Internal combustion engine","Engineering","File:4StrokeEngine Ortho 3D Small.gif","CC BY-SA 3.0","Zephyris","https://commons.wikimedia.org/wiki/File:4StrokeEngine_Ortho_3D_Small.gif","https://upload.wikimedia.org/wikipedia/commons/d/dc/4StrokeEngine_Ortho_3D_Small.gif?utm_source=en.wikipedia.org&utm_campaign=imageinfo&utm_content=original","fdf8f0c88f8fc1742a0edfffb524fa6b8b01d293","fdf8f0c88f8fc1742a0edfffb524fa6b8b01d293","WikiProject_v0.5/xowa_app_windows_64_v4.6.12.2009/file/commons.wikimedia.org/orig/d/c/4/3/4StrokeEngine_Ortho_3D_Small.gif","3753846","2026-08-10T18:51:40.3710024Z","INCLUDE"
"Pregnancy","Medicine","File:6 weeks pregnant.png","CC BY-SA 2.5","","https://commons.wikimedia.org/wiki/File:6_weeks_pregnant.png","https://upload.wikimedia.org/wikipedia/commons/a/aa/6_weeks_pregnant.png?utm_source=en.wikipedia.org&utm_campaign=imageinfo&utm_content=original","a97afddbeefc1045e6c06b1ad07755063485e263","a97afddbeefc1045e6c06b1ad07755063485e263","WikiProject_v0.5/xowa_app_windows_64_v4.6.12.2009/file/commons.wikimedia.org/orig/a/a/8/0/6_weeks_pregnant.png","9542","2026-08-10T18:51:39.4369469Z","EXCLUDE_MISSING_CREDIT"
"Human skull","Medicine","File:621 Anatomy of a Flat Bone.jpg","CC BY 3.0","OpenStax College","https://commons.wikimedia.org/wiki/File:621_Anatomy_of_a_Flat_Bone.jpg","https://upload.wikimedia.org/wikipedia/commons/1/1f/621_Anatomy_of_a_Flat_Bone.jpg?utm_source=en.wikipedia.org&utm_campaign=imageinfo&utm_content=original","83b957e7c0ec497ecedcd5f702db074dbc4633bb","83b957e7c0ec497ecedcd5f702db074dbc4633bb","WikiProject_v0.5/xowa_app_windows_64_v4.6.12.2009/file/commons.wikimedia.org/orig/1/f/8/8/621_Anatomy_of_a_Flat_Bone.jpg","137878","2026-08-10T18:51:38.3942744Z","INCLUDE"
"Diesel engine","Engineering","File:8 cylinder Burmeister & Wain Diesel engine for MS Glenapp 1920.png","Public domain","Unknown author Unknown author","https://commons.wikimedia.org/wiki/File:8_cylinder_Burmeister_%26_Wain_Diesel_engine_for_MS_Glenapp_1920.png","https://commons.wikimedia.org/wiki/Special:Redirect/file/8%20cylinder%20Burmeister%20%26%20Wain%20Diesel%20engine%20for%20MS%20Glenapp%201920.png","2f87d5d6a440e831fab183ca3ce4ba620cd320c7","2f87d5d6a440e831fab183ca3ce4ba620cd320c7","WikiProject_v0.5/xowa_app_windows_64_v4.6.12.2009/file/commons.wikimedia.org/orig/4/1/3/6/8_cylinder_Burmeister_&_Wain_Diesel_engine_for_MS_Glenapp_1920.png","705497","2026-08-10T18:52:02.5351589Z","INCLUDE"
"Childbirth","Medicine","File:810 women die every day from preventable causes related to pregnancy and childbirth, 94% occur in low and lower middle-income countries.png","CC BY-SA 3.0 igo","UN Women","https://commons.wikimedia.org/wiki/File:810_women_die_every_day_from_preventable_causes_related_to_pregnancy_and_childbirth,_94%25_occur_in_low_and_lower_middle-income_countries.png","https://upload.wikimedia.org/wikipedia/commons/c/cf/810_women_die_every_day_from_preventable_causes_related_to_pregnancy_and_childbirth%2C_94%25_occur_in_low_and_lower_middle-income_countries.png?utm_source=en.wikipedia.org&utm_campaign=imageinfo&utm_content=original","92e157fb196849f17e12a3a6b4035890d2de4d1f","92e157fb196849f17e12a3a6b4035890d2de4d1f","WikiProject_v0.5/xowa_app_windows_64_v4.6.12.2009/file/commons.wikimedia.org/orig/c/f/c/1/810_women_die_every_day_from_preventable_causes_related_to_pregnancy_and_childbirth,_94%_occur_in_low_and_lower_middle-income_countries.png","69544","2026-08-10T18:51:36.4102649Z","EXCLUDE_LICENSE_REVIEW"
"Burn","Medicine","File:8-day-old-3rd-degree-burn.jpg","Public domain","Craig0927","https://commons.wikimedia.org/wiki/File:8-day-old-3rd-degree-burn.jpg","https://upload.wikimedia.org/wikipedia/commons/thumb/7/78/8-day-old-3rd-degree-burn.jpg/1920px-8-day-old-3rd-degree-burn.jpg?utm_source=en.wikipedia.org&utm_campaign=imageinfo&utm_content=thumbnail","3bd46ce6583ab9b7e7f1c0ce9025cf9186705a54","3bd46ce6583ab9b7e7f1c0ce9025cf9186705a54","WikiProject_v0.5/xowa_app_windows_64_v4.6.12.2009/file/commons.wikimedia.org/orig/7/8/2/9/8-day-old-3rd-degree-burn.jpg","465108","2026-08-10T18:51:37.2837723Z","INCLUDE"
"Voltage","Electrical","File:9VBatteryWithMeter.jpg","CC0","Dennis G German, aka DGerman at English Wikipedia","https://commons.wikimedia.org/wiki/File:9VBatteryWithMeter.jpg","https://upload.wikimedia.org/wikipedia/commons/1/1f/9VBatteryWithMeter.jpg?utm_source=en.wikipedia.org&utm_campaign=imageinfo&utm_content=original","f91b4e04b15c705b435fb2930193c9aab6a115d1","f91b4e04b15c705b435fb2930193c9aab6a115d1","WikiProject_v0.5/xowa_app_windows_64_v4.6.12.2009/file/commons.wikimedia.org/orig/1/f/9/7/9VBatteryWithMeter.jpg","82988","2026-08-10T18:52:00.4764038Z","INCLUDE"
"Shingles","Medicine","File:A Course of Shingles diagram.png","Public domain","Renee Gordon","https://commons.wikimedia.org/wiki/File:A_Course_of_Shingles_diagram.png","https://commons.wikimedia.org/wiki/Special:Redirect/file/A%20Course%20of%20Shingles%20diagram.png","a7997bf149bcebc20c443a9baaefacfd5c403d9a","a7997bf149bcebc20c443a9baaefacfd5c403d9a","WikiProject_v0.5/xowa_app_windows_64_v4.6.12.2009/file/commons.wikimedia.org/orig/4/d/5/b/A_Course_of_Shingles_diagram.png","105307","2026-08-10T18:52:02.1291766Z","INCLUDE"
"First aid","Medicine","File:A first aid box.jpg","CC BY-SA 4.0","Contributers2020","https://commons.wikimedia.org/wiki/File:A_first_aid_box.jpg","https://upload.wikimedia.org/wikipedia/commons/thumb/d/d0/A_first_aid_box.jpg/1920px-A_first_aid_box.jpg?utm_source=en.wikipedia.org&utm_campaign=imageinfo&utm_content=thumbnail","3372093d1590b249691dfb67a3d8808b8f2935f1","3372093d1590b249691dfb67a3d8808b8f2935f1","WikiProject_v0.5/xowa_app_windows_64_v4.6.12.2009/file/commons.wikimedia.org/orig/d/0/5/8/A_first_aid_box.jpg","283280","2026-08-10T18:51:37.2871663Z","INCLUDE"
"Medical imaging","Medicine","File:A nuclear medicine machine is used for medical imaging in a hospital in North Carolina 04.jpg","CC BY 4.0","Harrison Keely","https://commons.wikimedia.org/wiki/File:A_nuclear_medicine_machine_is_used_for_medical_imaging_in_a_hospital_in_North_Carolina_04.jpg","https://commons.wikimedia.org/wiki/Special:Redirect/file/A%20nuclear%20medicine%20machine%20is%20used%20for%20medical%20imaging%20in%20a%20hospital%20in%20North%20Carolina%2004.jpg?width=2400","fb4110645470aa50895d7b0836249b69451b5727","fb4110645470aa50895d7b0836249b69451b5727","WikiProject_v0.5/xowa_app_windows_64_v4.6.12.2009/file/commons.wikimedia.org/orig/5/5/9/5/A_nuclear_medicine_machine_is_used_for_medical_imaging_in_a_hospital_in_North_Carolina_04.jpg","1766755","2026-08-10T18:52:01.7506589Z","INCLUDE"
"Bandage","Medicine","File:A strip of gauze bandage.jpg","CC BY 4.0","Struppig taucher","https://commons.wikimedia.org/wiki/File:A_strip_of_gauze_bandage.jpg","https://commons.wikimedia.org/wiki/Special:Redirect/file/A%20strip%20of%20gauze%20bandage.jpg?width=2400","46ae47918b5ee5ce54f3805dd105d838fa7db6d5","46ae47918b5ee5ce54f3805dd105d838fa7db6d5","WikiProject_v0.5/xowa_app_windows_64_v4.6.12.2009/file/commons.wikimedia.org/orig/e/1/2/1/A_strip_of_gauze_bandage.jpg","2363670","2026-08-10T18:52:00.8470107Z","INCLUDE"
"Voltage","Electrical","File:AA AAA AAAA A23 battery comparison-1.jpg","CC BY-SA 3.0","Lead holder","https://commons.wikimedia.org/wiki/File:AA_AAA_AAAA_A23_battery_comparison-1.jpg","https://upload.wikimedia.org/wikipedia/commons/d/d6/AA_AAA_AAAA_A23_battery_comparison-1.jpg?utm_source=en.wikipedia.org&utm_campaign=imageinfo&utm_content=original","0e1ffc95502f1969fbcb70d28579ea992dfdcad0","0e1ffc95502f1969fbcb70d28579ea992dfdcad0","WikiProject_v0.5/xowa_app_windows_64_v4.6.12.2009/file/commons.wikimedia.org/orig/d/6/7/d/AA_AAA_AAAA_A23_battery_comparison-1.jpg","110058","2026-08-10T18:52:00.4764038Z","INCLUDE"
"Anatomical terminology","Medicine","File:Abdominal Quadrant Regions.jpg","CC BY 3.0","OpenStax","https://commons.wikimedia.org/wiki/File:Abdominal_Quadrant_Regions.jpg","https://upload.wikimedia.org/wikipedia/commons/c/c9/Abdominal_Quadrant_Regions.jpg?utm_source=en.wikipedia.org&utm_campaign=imageinfo&utm_content=original","11b9d612bd3cb9db6996846022f8359664d9bcd8","11b9d612bd3cb9db6996846022f8359664d9bcd8","WikiProject_v0.5/xowa_app_windows_64_v4.6.12.2009/file/commons.wikimedia.org/orig/c/9/6/1/Abdominal_Quadrant_Regions.jpg","460168","2026-08-10T18:51:36.4000199Z","INCLUDE"
"Airway management","Medicine","File:AbdominalThrust HeimlichManoeuvre.jpg","CC BY-SA 3.0","TenarAiuola","https://commons.wikimedia.org/wiki/File:AbdominalThrust_HeimlichManoeuvre.jpg","https://upload.wikimedia.org/wikipedia/commons/thumb/f/fb/AbdominalThrust_HeimlichManoeuvre.jpg/1920px-AbdominalThrust_HeimlichManoeuvre.jpg?utm_source=en.wikipedia.org&utm_campaign=imageinfo&utm_content=thumbnail","dccfd7a224a459206122c4325b75b4e19cb30a0e","dccfd7a224a459206122c4325b75b4e19cb30a0e","WikiProject_v0.5/xowa_app_windows_64_v4.6.12.2009/file/commons.wikimedia.org/orig/f/b/0/8/AbdominalThrust_HeimlichManoeuvre.jpg","257634","2026-08-10T18:51:35.8388679Z","INCLUDE"
"Transformer","Electrical","File:Abspannportal.jpg","CC BY-SA 3.0","MdE","https://commons.wikimedia.org/wiki/File:Abspannportal.jpg","https://upload.wikimedia.org/wikipedia/commons/e/e2/Abspannportal.jpg?utm_source=en.wikipedia.org&utm_campaign=imageinfo&utm_content=original","1a78689d3c3dffd2e0a83a98e3c6ec841cc2f670","1a78689d3c3dffd2e0a83a98e3c6ec841cc2f670","WikiProject_v0.5/xowa_app_windows_64_v4.6.12.2009/file/commons.wikimedia.org/orig/e/2/e/e/Abspannportal.jpg","1682043","2026-08-10T18:52:00.4743981Z","INCLUDE"
"Immune system","Medicine","File:Activation of T and B cells.png","CC BY-SA 4.0","Immcarle105","https://commons.wikimedia.org/wiki/File:Activation_of_T_and_B_cells.png","https://upload.wikimedia.org/wikipedia/commons/thumb/5/55/Activation_of_T_and_B_cells.png/1920px-Activation_of_T_and_B_cells.png?utm_source=en.wikipedia.org&utm_campaign=imageinfo&utm_content=thumbnail","2f26503148053a35db0ed466488784199937bac8","2f26503148053a35db0ed466488784199937bac8","WikiProject_v0.5/xowa_app_windows_64_v4.6.12.2009/file/commons.wikimedia.org/orig/5/5/1/e/Activation_of_T_and_B_cells.png","269816","2026-08-10T18:51:38.3962891Z","INCLUDE"
"Dehydration","Medicine","File:Adult cholera patient.jpg","Public domain","CDC","https://commons.wikimedia.org/wiki/File:Adult_cholera_patient.jpg","https://upload.wikimedia.org/wikipedia/commons/2/2b/Adult_cholera_patient.jpg?utm_source=en.wikipedia.org&utm_campaign=imageinfo&utm_content=original","37d35e111902f6c147f8dc9983aeb0b0979671cb","37d35e111902f6c147f8dc9983aeb0b0979671cb","WikiProject_v0.5/xowa_app_windows_64_v4.6.12.2009/file/commons.wikimedia.org/orig/2/b/2/8/Adult_cholera_patient.jpg","66821","2026-08-10T18:51:36.9207303Z","INCLUDE"
"Lyme disease","Medicine","File:Adult deer tick.jpg","Public domain","Photo by Scott Bauer.","https://commons.wikimedia.org/wiki/File:Adult_deer_tick.jpg","https://commons.wikimedia.org/wiki/Special:Redirect/file/Adult%20deer%20tick.jpg","89e4c2b5241beaf362abd07d154118057642ad25","89e4c2b5241beaf362abd07d154118057642ad25","WikiProject_v0.5/xowa_app_windows_64_v4.6.12.2009/file/commons.wikimedia.org/orig/3/4/7/3/Adult_deer_tick.jpg","1518536","2026-08-10T18:52:02.1311836Z","INCLUDE"
"Internal combustion engine","Engineering","File:Aegopodium podagraria1 ies.jpg","CC BY-SA 3.0","Frank Vincentz","https://commons.wikimedia.org/wiki/File:Aegopodium_podagraria1_ies.jpg","https://upload.wikimedia.org/wikipedia/commons/b/bf/Aegopodium_podagraria1_ies.jpg?utm_source=en.wikipedia.org&utm_campaign=imageinfo&utm_content=original","2e057ce1ad12072434cb603645ee3d836377081a","2e057ce1ad12072434cb603645ee3d836377081a","WikiProject_v0.5/xowa_app_windows_64_v4.6.12.2009/file/commons.wikimedia.org/orig/b/f/5/c/Aegopodium_podagraria1_ies.jpg","98629","2026-08-10T18:51:40.3710024Z","INCLUDE"
"Vertebral column","Medicine","File:Aepyornis maximus.jpg","Public domain","Monnier","https://commons.wikimedia.org/wiki/File:Aepyornis_maximus.jpg","https://upload.wikimedia.org/wikipedia/commons/1/1e/Aepyornis_maximus.jpg?utm_source=en.wikipedia.org&utm_campaign=imageinfo&utm_content=original","fbda9178df9e0519b44164183f16130e4ee0fa1d","fbda9178df9e0519b44164183f16130e4ee0fa1d","WikiProject_v0.5/xowa_app_windows_64_v4.6.12.2009/file/commons.wikimedia.org/orig/1/e/5/a/Aepyornis_maximus.jpg","61734","2026-08-10T18:51:39.8342931Z","INCLUDE"
"Human skull","Medicine","File:African elephant skull - Cleveland Museum of Natural History - 2014-12-26 (21054840471).jpg","CC BY-SA 2.0","Tim Evanson from Cleveland Heights, Ohio, USA","https://commons.wikimedia.org/wiki/File:African_elephant_skull_-_Cleveland_Museum_of_Natural_History_-_2014-12-26_(21054840471).jpg","https://upload.wikimedia.org/wikipedia/commons/thumb/e/eb/African_elephant_skull_-_Cleveland_Museum_of_Natural_History_-_2014-12-26_%2821054840471%29.jpg/1920px-African_elephant_skull_-_Cleveland_Museum_of_Natural_History_-_2014-12-26_%2821054840471%29.jpg?utm_source=en.wikipedia.org&utm_campaign=imageinfo&utm_content=thumbnail","b13178b988132dde3ef50de655e3de08c3f25570","b13178b988132dde3ef50de655e3de08c3f25570","WikiProject_v0.5/xowa_app_windows_64_v4.6.12.2009/file/commons.wikimedia.org/orig/e/b/3/c/African_elephant_skull_-_Cleveland_Museum_of_Natural_History_-_2014-12-26_(21054840471).jpg","498138","2026-08-10T18:51:38.3942744Z","INCLUDE"
"Internal combustion engine","Engineering","File:Air pollution3.jpg","CC BY-SA 4.0","Janak Bhatta","https://commons.wikimedia.org/wiki/File:Air_pollution3.jpg","https://upload.wikimedia.org/wikipedia/commons/0/0d/Air_pollution3.jpg?utm_source=en.wikipedia.org&utm_campaign=imageinfo&utm_content=original","47fc67e6dc240f0a428de38837de6e5dbd0f63df","47fc67e6dc240f0a428de38837de6e5dbd0f63df","WikiProject_v0.5/xowa_app_windows_64_v4.6.12.2009/file/commons.wikimedia.org/orig/0/d/0/2/Air_pollution3.jpg","1387379","2026-08-10T18:51:40.3710024Z","INCLUDE"
"Bandage","Medicine","File:Akhilleus Patroklos Antikensammlung Berlin F2278.jpg","Public domain","Sosias (potter, signed). Painting attributed to the Sosias Painter (name piece for Beazley, overriding attribution) or the Kleophrades Painter (Robertson) or Euthymides (Ohly-Dumm)","https://commons.wikimedia.org/wiki/File:Akhilleus_Patroklos_Antikensammlung_Berlin_F2278.jpg","https://commons.wikimedia.org/wiki/Special:Redirect/file/Akhilleus%20Patroklos%20Antikensammlung%20Berlin%20F2278.jpg","6a46b5625338943926eac80f767fbc0bc8db5483","6a46b5625338943926eac80f767fbc0bc8db5483","WikiProject_v0.5/xowa_app_windows_64_v4.6.12.2009/file/commons.wikimedia.org/orig/b/a/1/b/Akhilleus_Patroklos_Antikensammlung_Berlin_F2278.jpg","2624881","2026-08-10T18:52:00.8470107Z","INCLUDE"
"Pump","Engineering","File:Al-Jazari Automata 1205.jpg","Public domain","Al-Jazari","https://commons.wikimedia.org/wiki/File:Al-Jazari_Automata_1205.jpg","https://upload.wikimedia.org/wikipedia/commons/9/96/Al-Jazari_Automata_1205.jpg?utm_source=en.wikipedia.org&utm_campaign=imageinfo&utm_content=original","b2308b2ed1e43008ea639f625d7a2eb23ea469b1","b2308b2ed1e43008ea639f625d7a2eb23ea469b1","WikiProject_v0.5/xowa_app_windows_64_v4.6.12.2009/file/commons.wikimedia.org/orig/9/6/2/2/Al-Jazari_Automata_1205.jpg","96759","2026-08-10T18:52:00.0084658Z","INCLUDE"
"Anaphylaxis","Medicine","File:Allergy skin testing.JPG","CC BY-SA 4.0","Wolfgang Ihloff","https://commons.wikimedia.org/wiki/File:Allergy_skin_testing.JPG","https://commons.wikimedia.org/wiki/Special:Redirect/file/Allergy%20skin%20testing.JPG","09343191201c48c51ab15cc6d316a1ffe360c177","09343191201c48c51ab15cc6d316a1ffe360c177","WikiProject_v0.5/xowa_app_windows_64_v4.6.12.2009/file/commons.wikimedia.org/orig/d/7/2/0/Allergy_skin_testing.JPG","75862","2026-08-10T18:52:00.8470107Z","INCLUDE"
"Respiratory system","Medicine","File:Alveolar air.png","CC BY-SA 4.0","Cruithne9","https://commons.wikimedia.org/wiki/File:Alveolar_air.png","https://upload.wikimedia.org/wikipedia/commons/b/bd/Alveolar_air.png?utm_source=en.wikipedia.org&utm_campaign=imageinfo&utm_content=original","4b5b4900f0ca993526d0ccda0c8f5dbbb2a94ed0","4b5b4900f0ca993526d0ccda0c8f5dbbb2a94ed0","WikiProject_v0.5/xowa_app_windows_64_v4.6.12.2009/file/commons.wikimedia.org/orig/b/d/d/c/Alveolar_air.png","15952","2026-08-10T18:51:39.4379406Z","INCLUDE"
"Dental caries","Medicine","File:Amalgam.jpg","Public domain","Ulrich Birkhoff","https://commons.wikimedia.org/wiki/File:Amalgam.jpg","https://commons.wikimedia.org/wiki/Special:Redirect/file/Amalgam.jpg","853eda16797071c233bd49836c0dca2a49428232","853eda16797071c233bd49836c0dca2a49428232","WikiProject_v0.5/xowa_app_windows_64_v4.6.12.2009/file/commons.wikimedia.org/orig/3/7/f/3/Amalgam.jpg","9684","2026-08-10T18:52:01.2395243Z","INCLUDE"
"Beehive","Agriculture","File:Amiya 2.jpg","CC0","Gwanki","https://commons.wikimedia.org/wiki/File:Amiya_2.jpg","https://upload.wikimedia.org/wikipedia/commons/thumb/a/a4/Amiya_2.jpg/1280px-Amiya_2.jpg?utm_source=en.wikipedia.org&utm_campaign=imageinfo&utm_content=thumbnail","4d1fd67fe19af5d7453a3e6f8be62c8fe7d43544","4d1fd67fe19af5d7453a3e6f8be62c8fe7d43544","WikiProject_v0.5/xowa_app_windows_64_v4.6.12.2009/file/commons.wikimedia.org/orig/a/4/d/6/Amiya_2.jpg","741194","2026-08-10T18:51:35.8259018Z","INCLUDE"
"Conjunctivitis","Medicine","File:An eye with viral conjunctivitis.jpg","CC BY-SA 3.0","Joyhill09","https://commons.wikimedia.org/wiki/File:An_eye_with_viral_conjunctivitis.jpg","https://commons.wikimedia.org/wiki/Special:Redirect/file/An%20eye%20with%20viral%20conjunctivitis.jpg","f9d475ba3c932351e30e6734e3fcc0232230dd5a","f9d475ba3c932351e30e6734e3fcc0232230dd5a","WikiProject_v0.5/xowa_app_windows_64_v4.6.12.2009/file/commons.wikimedia.org/orig/e/e/5/4/An_eye_with_viral_conjunctivitis.jpg","478203","2026-08-10T18:52:00.8510419Z","INCLUDE"
"Human anatomy","Medicine","File:Anatomical Male Figure Showing Heart, Lungs, and Main Arteries.jpg","Public domain","Leonardo da Vinci","https://commons.wikimedia.org/wiki/File:Anatomical_Male_Figure_Showing_Heart,_Lungs,_and_Main_Arteries.jpg","https://upload.wikimedia.org/wikipedia/commons/4/44/Anatomical_Male_Figure_Showing_Heart%2C_Lungs%2C_and_Main_Arteries.jpg?utm_source=en.wikipedia.org&utm_campaign=imageinfo&utm_content=original","c3c4b5a5b4942e65922476148c1e44f2351500a7","c3c4b5a5b4942e65922476148c1e44f2351500a7","WikiProject_v0.5/xowa_app_windows_64_v4.6.12.2009/file/commons.wikimedia.org/orig/4/4/d/9/Anatomical_Male_Figure_Showing_Heart,_Lungs,_and_Main_Arteries.jpg","164132","2026-08-10T18:51:37.7591852Z","INCLUDE"
"Liver","Medicine","File:Anatomy Abdomen Tiesworks.jpg","Public domain","Tvanbr","https://commons.wikimedia.org/wiki/File:Anatomy_Abdomen_Tiesworks.jpg","https://upload.wikimedia.org/wikipedia/commons/1/15/Anatomy_Abdomen_Tiesworks.jpg?utm_source=en.wikipedia.org&utm_campaign=imageinfo&utm_content=original","791e8fb730f8ae9276ca00da892ee83fd3aa930b","791e8fb730f8ae9276ca00da892ee83fd3aa930b","WikiProject_v0.5/xowa_app_windows_64_v4.6.12.2009/file/commons.wikimedia.org/orig/1/5/a/7/Anatomy_Abdomen_Tiesworks.jpg","215099","2026-08-10T18:51:38.9614160Z","INCLUDE"
"Human digestive system","Medicine","File:Anatomy of liver and gall bladder.png","CC BY-SA 4.0","Jiju Kurian Punnoose","https://commons.wikimedia.org/wiki/File:Anatomy_of_liver_and_gall_bladder.png","https://upload.wikimedia.org/wikipedia/commons/b/be/Anatomy_of_liver_and_gall_bladder.png?utm_source=en.wikipedia.org&utm_campaign=imageinfo&utm_content=original","813584fee5aafdc60802647bc01fd87e68e7b744","813584fee5aafdc60802647bc01fd87e68e7b744","WikiProject_v0.5/xowa_app_windows_64_v4.6.12.2009/file/commons.wikimedia.org/orig/b/e/9/5/Anatomy_of_liver_and_gall_bladder.png","104374","2026-08-10T18:51:37.7623085Z","INCLUDE"
"Human reproductive system","Medicine","File:Anatomy of male and female human genitalia - blanc.png","CC BY-SA 4.0","The old versions were from Tsaitgaist . These new images are reworked, changed and improved by Sciencia58 so that there is no problem any more.","https://commons.wikimedia.org/wiki/File:Anatomy_of_male_and_female_human_genitalia_-_blanc.png","https://upload.wikimedia.org/wikipedia/commons/thumb/e/ef/Anatomy_of_male_and_female_human_genitalia_-_blanc.png/1920px-Anatomy_of_male_and_female_human_genitalia_-_blanc.png?utm_source=en.wikipedia.org&utm_campaign=imageinfo&utm_content=thumbnail","fc54203380ddc968986ccbb495ceaee2f1022d8a","fc54203380ddc968986ccbb495ceaee2f1022d8a","WikiProject_v0.5/xowa_app_windows_64_v4.6.12.2009/file/commons.wikimedia.org/orig/e/f/e/7/Anatomy_of_male_and_female_human_genitalia_-_blanc.png","508340","2026-08-10T18:51:38.3922565Z","INCLUDE"
"Human skull","Medicine","File:Anatomy of the Human Bone 22.jpg","CC BY-SA 4.0","Wasiul Bahar","https://commons.wikimedia.org/wiki/File:Anatomy_of_the_Human_Bone_22.jpg","https://upload.wikimedia.org/wikipedia/commons/thumb/c/c4/Anatomy_of_the_Human_Bone_22.jpg/1920px-Anatomy_of_the_Human_Bone_22.jpg?utm_source=en.wikipedia.org&utm_campaign=imageinfo&utm_content=thumbnail","da5a7f93ef06009af7c0d49c99e225d58c7c9df0","da5a7f93ef06009af7c0d49c99e225d58c7c9df0","WikiProject_v0.5/xowa_app_windows_64_v4.6.12.2009/file/commons.wikimedia.org/orig/c/4/a/5/Anatomy_of_the_Human_Bone_22.jpg","161685","2026-08-10T18:51:38.3942744Z","INCLUDE"
"Human skull","Medicine","File:Anatomy posture and body mechanics 08.jpg","CC BY-SA 4.0","Ziv lenzner","https://commons.wikimedia.org/wiki/File:Anatomy_posture_and_body_mechanics_08.jpg","https://upload.wikimedia.org/wikipedia/commons/e/e1/Anatomy_posture_and_body_mechanics_08.jpg?utm_source=en.wikipedia.org&utm_campaign=imageinfo&utm_content=original","da1dce229e49fd872df0f7838bc5aae558f04016","da1dce229e49fd872df0f7838bc5aae558f04016","WikiProject_v0.5/xowa_app_windows_64_v4.6.12.2009/file/commons.wikimedia.org/orig/e/1/e/a/Anatomy_posture_and_body_mechanics_08.jpg","249619","2026-08-10T18:51:38.3942744Z","INCLUDE"
"Vertebral column","Medicine","File:Anatomy posture and body mechanics 08.web.jpg","","","https://commons.wikimedia.org/wiki/File:Anatomy_posture_and_body_mechanics_08.jpg","https://upload.wikimedia.org/wikipedia/commons/e/e1/Anatomy_posture_and_body_mechanics_08.jpg?utm_source=en.wikipedia.org&utm_campaign=imageinfo&utm_content=original","","da1dce229e49fd872df0f7838bc5aae558f04016","WikiProject_v0.5/xowa_app_windows_64_v4.6.12.2009/file/commons.wikimedia.org/orig/1/0/f/b/Anatomy_posture_and_body_mechanics_08.web.jpg","249619","2026-08-10T18:51:39.8342931Z","EXCLUDE_MISSING_REMOTE_RECORD"
"Carburetor","Engineering","File:Annotated rude carb.JPG","CC BY-SA 3.0","Dusty.crockett","https://commons.wikimedia.org/wiki/File:Annotated_rude_carb.JPG","https://commons.wikimedia.org/wiki/Special:Redirect/file/Annotated%20rude%20carb.JPG","70986ceff6a8cc5b9b62d318d3e825da3d3ce130","70986ceff6a8cc5b9b62d318d3e825da3d3ce130","WikiProject_v0.5/xowa_app_windows_64_v4.6.12.2009/file/commons.wikimedia.org/orig/3/8/8/8/Annotated_rude_carb.JPG","18835","2026-08-10T18:52:02.5351589Z","INCLUDE"
"Inductor","Electrical","File:Antenna tuning coil - station WOR.jpg","Public domain","Unknown author Unknown author","https://commons.wikimedia.org/wiki/File:Antenna_tuning_coil_-_station_WOR.jpg","https://upload.wikimedia.org/wikipedia/commons/c/c8/Antenna_tuning_coil_-_station_WOR.jpg?utm_source=en.wikipedia.org&utm_campaign=imageinfo&utm_content=original","4e29f62ba928aa72b7dd28b728b6743915ffc1e5","4e29f62ba928aa72b7dd28b728b6743915ffc1e5","WikiProject_v0.5/xowa_app_windows_64_v4.6.12.2009/file/commons.wikimedia.org/orig/c/8/0/2/Antenna_tuning_coil_-_station_WOR.jpg","28042","2026-08-10T18:52:00.4743981Z","INCLUDE"
"Liver","Medicine","File:Anterior MIP image of anomalous hepatic veins.jpg","CC BY-SA 3.0","Jto410","https://commons.wikimedia.org/wiki/File:Anterior_MIP_image_of_anomalous_hepatic_veins.jpg","https://upload.wikimedia.org/wikipedia/commons/c/c3/Anterior_MIP_image_of_anomalous_hepatic_veins.jpg?utm_source=en.wikipedia.org&utm_campaign=imageinfo&utm_content=original","1b3243280c8efd4b51c69c0fd3a9a67ac82288bf","1b3243280c8efd4b51c69c0fd3a9a67ac82288bf","WikiProject_v0.5/xowa_app_windows_64_v4.6.12.2009/file/commons.wikimedia.org/orig/c/3/1/c/Anterior_MIP_image_of_anomalous_hepatic_veins.jpg","33147","2026-08-10T18:51:38.9635012Z","INCLUDE"
"Human anatomy","Medicine","File:Anterior view of human female and male, with labels.jpg","CC0","Taken at City Studios in Stockholm (www.stockholmsfotografen.se), September 29, 2011, with assistance from KYO (The organisation of life models) in Stockholm. Both models have consented to the licence of the image, and its usage in Wikipedia. Images uploaded by Mikael Häggström . Derivative work : Mikael Häggström","https://commons.wikimedia.org/wiki/File:Anterior_view_of_human_female_and_male,_with_labels.jpg","https://upload.wikimedia.org/wikipedia/commons/thumb/1/15/Anterior_view_of_human_female_and_male%2C_with_labels.jpg/1920px-Anterior_view_of_human_female_and_male%2C_with_labels.jpg?utm_source=en.wikipedia.org&utm_campaign=imageinfo&utm_content=thumbnail","952a56697124a37a923ecd9c3efa31bbc1c04d9a","952a56697124a37a923ecd9c3efa31bbc1c04d9a","WikiProject_v0.5/xowa_app_windows_64_v4.6.12.2009/file/commons.wikimedia.org/orig/1/5/7/6/Anterior_view_of_human_female_and_male,_with_labels.jpg","418152","2026-08-10T18:51:37.7596996Z","INCLUDE"
"Gear","Engineering","File:Antikythera Fragment A (Front).webp","CC BY 4.0","Logg Tandy","https://commons.wikimedia.org/wiki/File:Antikythera_Fragment_A_(Front).webp","https://upload.wikimedia.org/wikipedia/commons/thumb/c/c8/Antikythera_Fragment_A_%28Front%29.webp/1920px-Antikythera_Fragment_A_%28Front%29.webp.png?utm_source=en.wikipedia.org&utm_campaign=imageinfo&utm_content=thumbnail","07814998d19027cd6f1186af03f87c5032958a67","07814998d19027cd6f1186af03f87c5032958a67","WikiProject_v0.5/xowa_app_windows_64_v4.6.12.2009/file/commons.wikimedia.org/orig/c/8/6/a/Antikythera_Fragment_A_(Front).webp","6889114","2026-08-10T18:51:40.3402617Z","INCLUDE"
"Inductor","Electrical","File:Aplikimi i feriteve.png","CC BY-SA 3.0","FIEK-Kompjuterike","https://commons.wikimedia.org/wiki/File:Aplikimi_i_feriteve.png","https://upload.wikimedia.org/wikipedia/commons/2/27/Aplikimi_i_feriteve.png?utm_source=en.wikipedia.org&utm_campaign=imageinfo&utm_content=original","ae26aa06aa127ebd9c605e2d038ae0aaab971f7a","ae26aa06aa127ebd9c605e2d038ae0aaab971f7a","WikiProject_v0.5/xowa_app_windows_64_v4.6.12.2009/file/commons.wikimedia.org/orig/2/7/c/8/Aplikimi_i_feriteve.png","236573","2026-08-10T18:52:00.4743981Z","INCLUDE"
"Vertebral column","Medicine","File:Archaeopteryx in flight at AMNH.jpg","CC0","Ryan Schwark","https://commons.wikimedia.org/wiki/File:Archaeopteryx_in_flight_at_AMNH.jpg","https://upload.wikimedia.org/wikipedia/commons/thumb/0/07/Archaeopteryx_in_flight_at_AMNH.jpg/1920px-Archaeopteryx_in_flight_at_AMNH.jpg?utm_source=en.wikipedia.org&utm_campaign=imageinfo&utm_content=thumbnail","53420803e73226b001941d7bcfd4566133b0b654","53420803e73226b001941d7bcfd4566133b0b654","WikiProject_v0.5/xowa_app_windows_64_v4.6.12.2009/file/commons.wikimedia.org/orig/0/7/5/d/Archaeopteryx_in_flight_at_AMNH.jpg","272558","2026-08-10T18:51:39.8342931Z","INCLUDE"
"Lever","Engineering","File:Archimedes lever (Small).jpg","Public domain","Mechanics Magazine","https://commons.wikimedia.org/wiki/File:Archimedes_lever_(Small).jpg","https://upload.wikimedia.org/wikipedia/commons/5/51/Archimedes_lever_%28Small%29.jpg?utm_source=en.wikipedia.org&utm_campaign=imageinfo&utm_content=original","7b46efcf5fb114d60c496c248d83afeefae71690","7b46efcf5fb114d60c496c248d83afeefae71690","WikiProject_v0.5/xowa_app_windows_64_v4.6.12.2009/file/commons.wikimedia.org/orig/5/1/8/5/Archimedes_lever_(Small).jpg","119190","2026-08-10T18:51:40.3710024Z","INCLUDE"
"Simple machine","Engineering","File:Archimedes lever.png","Public domain","Unknown author Unknown author","https://commons.wikimedia.org/wiki/File:Archimedes_lever.png","https://upload.wikimedia.org/wikipedia/commons/thumb/b/b7/Archimedes_lever.png/1920px-Archimedes_lever.png?utm_source=en.wikipedia.org&utm_campaign=imageinfo&utm_content=thumbnail","a4131a73937077bb1c11456a0421275b6a81db96","a4131a73937077bb1c11456a0421275b6a81db96","WikiProject_v0.5/xowa_app_windows_64_v4.6.12.2009/file/commons.wikimedia.org/orig/b/7/f/9/Archimedes_lever.png","651586","2026-08-10T18:52:00.0124981Z","INCLUDE"
"Screw (simple machine)","Engineering","File:Archimedes-screw one-screw-threads with-ball 3D-view animated small.gif","CC BY-SA 2.5","Silberwolf (size changed by: Jahobr )","https://commons.wikimedia.org/wiki/File:Archimedes-screw_one-screw-threads_with-ball_3D-view_animated_small.gif","https://upload.wikimedia.org/wikipedia/commons/2/22/Archimedes-screw_one-screw-threads_with-ball_3D-view_animated_small.gif?utm_source=en.wikipedia.org&utm_campaign=imageinfo&utm_content=original","2b3e39c25812d96e1278b1ca22ac4c67f32bb4ce","2b3e39c25812d96e1278b1ca22ac4c67f32bb4ce","WikiProject_v0.5/xowa_app_windows_64_v4.6.12.2009/file/commons.wikimedia.org/orig/2/2/a/c/Archimedes-screw_one-screw-threads_with-ball_3D-view_animated_small.gif","1137313","2026-08-10T18:52:00.0124981Z","INCLUDE"
"Liver","Medicine","File:Axial CT anomalous hepatic veins.jpg","CC BY-SA 3.0","Jto410","https://commons.wikimedia.org/wiki/File:Axial_CT_anomalous_hepatic_veins.jpg","https://upload.wikimedia.org/wikipedia/commons/2/28/Axial_CT_anomalous_hepatic_veins.jpg?utm_source=en.wikipedia.org&utm_campaign=imageinfo&utm_content=original","5b77aa05dc64bde3f6af419232784c7bf1cb66bf","5b77aa05dc64bde3f6af419232784c7bf1cb66bf","WikiProject_v0.5/xowa_app_windows_64_v4.6.12.2009/file/commons.wikimedia.org/orig/2/8/e/a/Axial_CT_anomalous_hepatic_veins.jpg","39412","2026-08-10T18:51:38.9655329Z","INCLUDE"
"Airway management","Medicine","File:Bagging.JPG","CC BY-SA 4.0","James Heilman, MD","https://commons.wikimedia.org/wiki/File:Bagging.JPG","https://upload.wikimedia.org/wikipedia/commons/thumb/d/dc/Bagging.JPG/1920px-Bagging.JPG?utm_source=en.wikipedia.org&utm_campaign=imageinfo&utm_content=thumbnail","d83c61e4c6ea4436427eb3f0f0bf688f44d1716b","d83c61e4c6ea4436427eb3f0f0bf688f44d1716b","WikiProject_v0.5/xowa_app_windows_64_v4.6.12.2009/file/commons.wikimedia.org/orig/d/c/1/4/Bagging.JPG","805004","2026-08-10T18:51:35.8418998Z","INCLUDE"
"Bearing (mechanical)","Engineering","File:BallBearing.gif","CC BY-SA 3.0","PlusMinus","https://commons.wikimedia.org/wiki/File:BallBearing.gif","https://upload.wikimedia.org/wikipedia/commons/3/30/BallBearing.gif?utm_source=en.wikipedia.org&utm_campaign=imageinfo&utm_content=original","4c621b6e80bb91c6aa1a26b6392e2db0750a8e58","4c621b6e80bb91c6aa1a26b6392e2db0750a8e58","WikiProject_v0.5/xowa_app_windows_64_v4.6.12.2009/file/commons.wikimedia.org/orig/3/0/9/6/BallBearing.gif","658749","2026-08-10T18:51:39.8363021Z","INCLUDE"
"Belt (mechanical)","Engineering","File:Bankschroef-apparaat voor riemverbinders (01).jpg","CC BY-SA 4.0","S.J. de Waard","https://commons.wikimedia.org/wiki/File:Bankschroef-apparaat_voor_riemverbinders_(01).jpg","https://commons.wikimedia.org/wiki/Special:Redirect/file/Bankschroef-apparaat%20voor%20riemverbinders%20(01).jpg?width=2400","48331cd27694dbfd563a8696c974529143a20940","48331cd27694dbfd563a8696c974529143a20940","WikiProject_v0.5/xowa_app_windows_64_v4.6.12.2009/file/commons.wikimedia.org/orig/9/2/2/b/Bankschroef-apparaat_voor_riemverbinders_(01).jpg","1102272","2026-08-10T18:52:02.1311836Z","INCLUDE"
"Battery (electricity)","Electrical","File:Batteries.jpg","Public domain","en:User:Brianiac","https://commons.wikimedia.org/wiki/File:Batteries.jpg","https://upload.wikimedia.org/wikipedia/commons/3/3b/Batteries.jpg?utm_source=en.wikipedia.org&utm_campaign=imageinfo&utm_content=original","78b227dfbf0cf9b0885d668844311ae06a836f2a","78b227dfbf0cf9b0885d668844311ae06a836f2a","WikiProject_v0.5/xowa_app_windows_64_v4.6.12.2009/file/commons.wikimedia.org/orig/3/b/b/5/Batteries.jpg","45511","2026-08-10T18:52:00.0135473Z","INCLUDE"
"Beehive","Agriculture","File:Beehives in Butte County (2025)-104A8312.jpg","CC BY-SA 4.0","Frank Schulenburg","https://commons.wikimedia.org/wiki/File:Beehives_in_Butte_County_(2025)-104A8312.jpg","https://upload.wikimedia.org/wikipedia/commons/thumb/b/bb/Beehives_in_Butte_County_%282025%29-104A8312.jpg/1280px-Beehives_in_Butte_County_%282025%29-104A8312.jpg?utm_source=en.wikipedia.org&utm_campaign=imageinfo&utm_content=thumbnail","42348f1ab4eea70005db55fb0ad8fa2951808af2","42348f1ab4eea70005db55fb0ad8fa2951808af2","WikiProject_v0.5/xowa_app_windows_64_v4.6.12.2009/file/commons.wikimedia.org/orig/b/b/6/5/Beehives_in_Butte_County_(2025)-104A8312.jpg","378722","2026-08-10T18:51:35.8259018Z","INCLUDE"
"Beehive","Agriculture","File:Beehives in the mountains of Bosnia.jpg","CC BY 4.0","Modular science","https://commons.wikimedia.org/wiki/File:Beehives_in_the_mountains_of_Bosnia.jpg","https://upload.wikimedia.org/wikipedia/commons/thumb/7/7a/Beehives_in_the_mountains_of_Bosnia.jpg/1920px-Beehives_in_the_mountains_of_Bosnia.jpg?utm_source=en.wikipedia.org&utm_campaign=imageinfo&utm_content=thumbnail","f415eb1b81329a11dc0cf1d81de84f257c9113b7","f415eb1b81329a11dc0cf1d81de84f257c9113b7","WikiProject_v0.5/xowa_app_windows_64_v4.6.12.2009/file/commons.wikimedia.org/orig/7/a/7/f/Beehives_in_the_mountains_of_Bosnia.jpg","2669890","2026-08-10T18:51:35.8279206Z","INCLUDE"
"Beehive","Agriculture","File:Beehouses.JPG","CC BY-SA 3.0","Юрий Рудницкий","https://commons.wikimedia.org/wiki/File:Beehouses.JPG","https://upload.wikimedia.org/wikipedia/commons/thumb/1/1a/Beehouses.JPG/1920px-Beehouses.JPG?utm_source=en.wikipedia.org&utm_campaign=imageinfo&utm_content=thumbnail","89d92e6483f3baae1afbee9176553cbf26adb378","89d92e6483f3baae1afbee9176553cbf26adb378","WikiProject_v0.5/xowa_app_windows_64_v4.6.12.2009/file/commons.wikimedia.org/orig/1/a/9/8/Beehouses.JPG","466268","2026-08-10T18:51:35.8279206Z","INCLUDE"
"Beekeeping","Agriculture","File:Beekeeper 2017 Honeybee Conservancy, College of DuPage.jpg","CC BY 2.0","COD Newsroom","https://commons.wikimedia.org/wiki/File:Beekeeper_2017_Honeybee_Conservancy,_College_of_DuPage.jpg","https://upload.wikimedia.org/wikipedia/commons/thumb/4/49/Beekeeper_2017_Honeybee_Conservancy%2C_College_of_DuPage.jpg/1920px-Beekeeper_2017_Honeybee_Conservancy%2C_College_of_DuPage.jpg?utm_source=en.wikipedia.org&utm_campaign=imageinfo&utm_content=thumbnail","1823eb42361a49b2907e82a5111d08b3789fa302","1823eb42361a49b2907e82a5111d08b3789fa302","WikiProject_v0.5/xowa_app_windows_64_v4.6.12.2009/file/commons.wikimedia.org/orig/4/9/1/7/Beekeeper_2017_Honeybee_Conservancy,_College_of_DuPage.jpg","437860","2026-08-10T18:51:35.8279206Z","INCLUDE"
"Beekeeping","Agriculture","File:Beekeeper keeping bees.jpg","CC BY 3.0","Michael Gäbler","https://commons.wikimedia.org/wiki/File:Beekeeper_keeping_bees.jpg","https://upload.wikimedia.org/wikipedia/commons/thumb/4/4c/Beekeeper_keeping_bees.jpg/1920px-Beekeeper_keeping_bees.jpg?utm_source=en.wikipedia.org&utm_campaign=imageinfo&utm_content=thumbnail","322246a3b6cbf0a58abe91560c962a9101d82d65","322246a3b6cbf0a58abe91560c962a9101d82d65","WikiProject_v0.5/xowa_app_windows_64_v4.6.12.2009/file/commons.wikimedia.org/orig/4/c/a/9/Beekeeper_keeping_bees.jpg","1402616","2026-08-10T18:51:35.8299338Z","INCLUDE"
"Corrosion","Engineering","File:Belaying8.jpg","CC BY-SA 3.0","The original uploader was Ringomassa at English Wikipedia .","https://commons.wikimedia.org/wiki/File:Belaying8.jpg","https://commons.wikimedia.org/wiki/Special:Redirect/file/Belaying8.jpg","06dda417534705285617c4e47609b6b6a99fcaab","06dda417534705285617c4e47609b6b6a99fcaab","WikiProject_v0.5/xowa_app_windows_64_v4.6.12.2009/file/commons.wikimedia.org/orig/f/d/5/f/Belaying8.jpg","45292","2026-08-10T18:52:02.5351589Z","INCLUDE"
"Belt (mechanical)","Engineering","File:BeltProfiles.jpg","CC0","CalvinTheMan","https://en.wikipedia.org/wiki/File:BeltProfiles.jpg","https://upload.wikimedia.org/wikipedia/en/c/c0/BeltProfiles.jpg?utm_source=en.wikipedia.org&utm_campaign=imageinfo&utm_content=original","130966f54209f8260c1f3633fa6b213c6bb95da2","130966f54209f8260c1f3633fa6b213c6bb95da2","WikiProject_v0.5/xowa_app_windows_64_v4.6.12.2009/file/commons.wikimedia.org/orig/c/0/0/7/BeltProfiles.jpg","59920","2026-08-10T18:52:02.8069647Z","INCLUDE"
"Power supply","Electrical","File:Bench power supply.jpg","CC0","Derrick Parker","https://commons.wikimedia.org/wiki/File:Bench_power_supply.jpg","https://upload.wikimedia.org/wikipedia/commons/thumb/9/90/Bench_power_supply.jpg/1920px-Bench_power_supply.jpg?utm_source=en.wikipedia.org&utm_campaign=imageinfo&utm_content=thumbnail","826739f70db65f3cbc504e0d767bfaee8ad25045","826739f70db65f3cbc504e0d767bfaee8ad25045","WikiProject_v0.5/xowa_app_windows_64_v4.6.12.2009/file/commons.wikimedia.org/orig/9/0/5/c/Bench_power_supply.jpg","439269","2026-08-10T18:52:00.4743981Z","INCLUDE"
"Anatomical terminology","Medicine","File:Biceps Muscle CNX.jpg","CC BY 4.0","OpenStax College","https://commons.wikimedia.org/wiki/File:Biceps_Muscle_CNX.jpg","https://upload.wikimedia.org/wikipedia/commons/9/96/Biceps_Muscle_CNX.jpg?utm_source=en.wikipedia.org&utm_campaign=imageinfo&utm_content=original","65c4b1e3b50850bba91cc19941e76c0e582603d3","65c4b1e3b50850bba91cc19941e76c0e582603d3","WikiProject_v0.5/xowa_app_windows_64_v4.6.12.2009/file/commons.wikimedia.org/orig/9/6/0/c/Biceps_Muscle_CNX.jpg","554485","2026-08-10T18:51:36.4005480Z","INCLUDE"
"Bicycle maintenance","Engineering","File:Bicycle chain breaker removing chain pin from 8-speed chain.jpg","CC0","JaredMcKenzie","https://commons.wikimedia.org/wiki/File:Bicycle_chain_breaker_removing_chain_pin_from_8-speed_chain.jpg","https://commons.wikimedia.org/wiki/Special:Redirect/file/Bicycle%20chain%20breaker%20removing%20chain%20pin%20from%208-speed%20chain.jpg","a966a9532f5d697e7ed2957a932acfe8d4be46b2","a966a9532f5d697e7ed2957a932acfe8d4be46b2","WikiProject_v0.5/xowa_app_windows_64_v4.6.12.2009/file/commons.wikimedia.org/orig/a/1/1/7/Bicycle_chain_breaker_removing_chain_pin_from_8-speed_chain.jpg","1667384","2026-08-10T18:52:02.1311836Z","INCLUDE"
"Wound","Medicine","File:Bicycle injury - Hand Abrasion, Day 1.jpg","CC BY-SA 2.0","Doug Beckers from Cardiff NSW, Australia","https://commons.wikimedia.org/wiki/File:Bicycle_injury_-_Hand_Abrasion,_Day_1.jpg","https://upload.wikimedia.org/wikipedia/commons/thumb/0/06/Bicycle_injury_-_Hand_Abrasion%2C_Day_1.jpg/1920px-Bicycle_injury_-_Hand_Abrasion%2C_Day_1.jpg?utm_source=en.wikipedia.org&utm_campaign=imageinfo&utm_content=thumbnail","f188b6e486f985cc7b1c2bbab581e2a7c4984100","f188b6e486f985cc7b1c2bbab581e2a7c4984100","WikiProject_v0.5/xowa_app_windows_64_v4.6.12.2009/file/commons.wikimedia.org/orig/0/6/7/d/Bicycle_injury_-_Hand_Abrasion,_Day_1.jpg","500218","2026-08-10T18:51:39.8342931Z","INCLUDE"
"Ultrasound","Medicine","File:Big-eared-townsend-fledermaus.jpg","Public domain","PD-USGov, exact author unknown","https://commons.wikimedia.org/wiki/File:Big-eared-townsend-fledermaus.jpg","https://commons.wikimedia.org/wiki/Special:Redirect/file/Big-eared-townsend-fledermaus.jpg","bcbd0ccacf6890268da96b58c1787c36b1e12339","bcbd0ccacf6890268da96b58c1787c36b1e12339","WikiProject_v0.5/xowa_app_windows_64_v4.6.12.2009/file/commons.wikimedia.org/orig/7/7/a/7/Big-eared-townsend-fledermaus.jpg","50095","2026-08-10T18:52:02.1311836Z","INCLUDE"
"Spider bite","Medicine","File:Black Wishbone.jpg","CC BY-SA 2.5","","https://commons.wikimedia.org/wiki/File:Black_Wishbone.jpg","https://commons.wikimedia.org/wiki/Special:Redirect/file/Black%20Wishbone.jpg","c046e7ad3bdc55d6751db50c297ebc48ab185268","c046e7ad3bdc55d6751db50c297ebc48ab185268","WikiProject_v0.5/xowa_app_windows_64_v4.6.12.2009/file/commons.wikimedia.org/orig/c/6/a/d/Black_Wishbone.jpg","75959","2026-08-10T18:52:02.1291766Z","EXCLUDE_MISSING_CREDIT"
"Abscess","Medicine","File:Blausen 0007 Abscess.png","CC BY 3.0","BruceBlaus . When using this image in external sources it can be cited as: Blausen.com staff (2014). "" Medical gallery of Blausen Medical 2014 "". WikiJournal of Medicine 1 (2). DOI : 10.15347/wjm/2014.010 . ISSN 2002-4436 .","https://commons.wikimedia.org/wiki/File:Blausen_0007_Abscess.png","https://commons.wikimedia.org/wiki/Special:Redirect/file/Blausen%200007%20Abscess.png","2b0e03faadd1d97ad946c7306206e55b470b7295","2b0e03faadd1d97ad946c7306206e55b470b7295","WikiProject_v0.5/xowa_app_windows_64_v4.6.12.2009/file/commons.wikimedia.org/orig/5/a/a/3/Blausen_0007_Abscess.png","1377064","2026-08-10T18:52:00.8470107Z","INCLUDE"
"Human brain","Medicine","File:Blausen 0216 CerebrospinalSystem.png","CC BY 3.0","BruceBlaus . When using this image in external sources it can be cited as: Blausen.com staff (2014). "" Medical gallery of Blausen Medical 2014 "". WikiJournal of Medicine 1 (2). DOI : 10.15347/wjm/2014.010 . ISSN 2002-4436 .","https://commons.wikimedia.org/wiki/File:Blausen_0216_CerebrospinalSystem.png","https://upload.wikimedia.org/wikipedia/commons/9/91/Blausen_0216_CerebrospinalSystem.png?utm_source=en.wikipedia.org&utm_campaign=imageinfo&utm_content=original","ba2636c1ee2a07078651cb3f62af6561a1e9a7f4","ba2636c1ee2a07078651cb3f62af6561a1e9a7f4","WikiProject_v0.5/xowa_app_windows_64_v4.6.12.2009/file/commons.wikimedia.org/orig/9/1/9/7/Blausen_0216_CerebrospinalSystem.png","584611","2026-08-10T18:51:37.7602162Z","INCLUDE"
"Bone fracture","Medicine","File:Blausen 0250 CompressionFracture Vertebrae.png","CC BY 3.0","BruceBlaus . When using this image in external sources it can be cited as: Blausen.com staff (2014). "" Medical gallery of Blausen Medical 2014 "". WikiJournal of Medicine 1 (2). DOI : 10.15347/wjm/2014.010 . ISSN 2002-4436 . Also modified by Mikael Häggström , MD","https://commons.wikimedia.org/wiki/File:Blausen_0250_CompressionFracture_Vertebrae.png","https://upload.wikimedia.org/wikipedia/commons/1/17/Blausen_0250_CompressionFracture_Vertebrae.png?utm_source=en.wikipedia.org&utm_campaign=imageinfo&utm_content=original","417ec14a633bd7d4baebcb62e668498ea627b428","417ec14a633bd7d4baebcb62e668498ea627b428","WikiProject_v0.5/xowa_app_windows_64_v4.6.12.2009/file/commons.wikimedia.org/orig/1/7/6/a/Blausen_0250_CompressionFracture_Vertebrae.png","200234","2026-08-10T18:51:36.4033199Z","INCLUDE"
"Ear","Medicine","File:Blausen 0329 EarAnatomy InternalEar.png","CC BY 3.0","BruceBlaus . When using this image in external sources it can be cited as: Blausen.com staff (2014). "" Medical gallery of Blausen Medical 2014 "". WikiJournal of Medicine 1 (2). DOI : 10.15347/wjm/2014.010 . ISSN 2002-4436 .","https://commons.wikimedia.org/wiki/File:Blausen_0329_EarAnatomy_InternalEar.png","https://upload.wikimedia.org/wikipedia/commons/thumb/1/14/Blausen_0329_EarAnatomy_InternalEar.png/1920px-Blausen_0329_EarAnatomy_InternalEar.png?utm_source=en.wikipedia.org&utm_campaign=imageinfo&utm_content=thumbnail","f26d24f4148ef36dfc0613764a4c56563f2e4073","f26d24f4148ef36dfc0613764a4c56563f2e4073","WikiProject_v0.5/xowa_app_windows_64_v4.6.12.2009/file/commons.wikimedia.org/orig/1/4/b/3/Blausen_0329_EarAnatomy_InternalEar.png","1978359","2026-08-10T18:51:36.9207303Z","INCLUDE"
"Ear","Medicine","File:Blausen 0330 EarAnatomy MiddleEar.png","CC BY 3.0","BruceBlaus . When using this image in external sources it can be cited as: Blausen.com staff (2014). "" Medical gallery of Blausen Medical 2014 "". WikiJournal of Medicine 1 (2). DOI : 10.15347/wjm/2014.010 . ISSN 2002-4436 .","https://commons.wikimedia.org/wiki/File:Blausen_0330_EarAnatomy_MiddleEar.png","https://upload.wikimedia.org/wikipedia/commons/thumb/8/81/Blausen_0330_EarAnatomy_MiddleEar.png/1920px-Blausen_0330_EarAnatomy_MiddleEar.png?utm_source=en.wikipedia.org&utm_campaign=imageinfo&utm_content=thumbnail","7548d4c5818f8a2a44b235ee1cc3ec7f1b249c68","7548d4c5818f8a2a44b235ee1cc3ec7f1b249c68","WikiProject_v0.5/xowa_app_windows_64_v4.6.12.2009/file/commons.wikimedia.org/orig/8/1/5/d/Blausen_0330_EarAnatomy_MiddleEar.png","1741644","2026-08-10T18:51:36.9207303Z","INCLUDE"
"Kidney","Medicine","File:Blausen 0592 KidneyAnatomy 01.png","CC BY 3.0","BruceBlaus . When using this image in external sources it can be cited as: Blausen.com staff (2014). "" Medical gallery of Blausen Medical 2014 "". WikiJournal of Medicine 1 (2). DOI : 10.15347/wjm/2014.010 . ISSN 2002-4436 .","https://commons.wikimedia.org/wiki/File:Blausen_0592_KidneyAnatomy_01.png","https://upload.wikimedia.org/wikipedia/commons/d/d6/Blausen_0592_KidneyAnatomy_01.png?utm_source=en.wikipedia.org&utm_campaign=imageinfo&utm_content=original","5ec2a0b034ffe614abc9bce424bc61ddc705362d","5ec2a0b034ffe614abc9bce424bc61ddc705362d","WikiProject_v0.5/xowa_app_windows_64_v4.6.12.2009/file/commons.wikimedia.org/orig/d/6/0/e/Blausen_0592_KidneyAnatomy_01.png","1225557","2026-08-10T18:51:38.9614160Z","INCLUDE"
"Human digestive system","Medicine","File:Blausen 0780 SalivaryGlands.png","CC BY 3.0","BruceBlaus . When using this image in external sources it can be cited as: Blausen.com staff (2014). "" Medical gallery of Blausen Medical 2014 "". WikiJournal of Medicine 1 (2). DOI : 10.15347/wjm/2014.010 . ISSN 2002-4436 .","https://commons.wikimedia.org/wiki/File:Blausen_0780_SalivaryGlands.png","https://upload.wikimedia.org/wikipedia/commons/d/df/Blausen_0780_SalivaryGlands.png?utm_source=en.wikipedia.org&utm_campaign=imageinfo&utm_content=original","a980d5d6d42861126bad69b03d6a2762c5451564","a980d5d6d42861126bad69b03d6a2762c5451564","WikiProject_v0.5/xowa_app_windows_64_v4.6.12.2009/file/commons.wikimedia.org/orig/d/f/4/8/Blausen_0780_SalivaryGlands.png","1043516","2026-08-10T18:51:37.7633412Z","INCLUDE"
"Bleeding","Medicine","File:Bleeding finger.jpg","CC BY 2.0","Crystal (Crystl) from Bloomington, USA","https://commons.wikimedia.org/wiki/File:Bleeding_finger.jpg","https://commons.wikimedia.org/wiki/Special:Redirect/file/Bleeding%20finger.jpg","566d0ef16ea27437c45285eebf4d8e05149e4dc9","566d0ef16ea27437c45285eebf4d8e05149e4dc9","WikiProject_v0.5/xowa_app_windows_64_v4.6.12.2009/file/commons.wikimedia.org/orig/e/6/9/b/Bleeding_finger.jpg","850238","2026-08-10T18:52:00.8470107Z","INCLUDE"
"Conjunctivitis","Medicine","File:Bloodshot eye.jpg","CC BY-SA 2.0","","https://commons.wikimedia.org/wiki/File:Bloodshot_eye.jpg","https://commons.wikimedia.org/wiki/Special:Redirect/file/Bloodshot%20eye.jpg","88d06f69dfcc4ca3ed2cf37776863c765c011110","88d06f69dfcc4ca3ed2cf37776863c765c011110","WikiProject_v0.5/xowa_app_windows_64_v4.6.12.2009/file/commons.wikimedia.org/orig/3/8/b/b/Bloodshot_eye.jpg","148587","2026-08-10T18:52:00.8510419Z","EXCLUDE_MISSING_CREDIT"
"Anatomical terminology","Medicine","File:Body Movements I.jpg","CC BY-SA 3.0","Tonye Ogele CNX","https://commons.wikimedia.org/wiki/File:Body_Movements_I.jpg","https://upload.wikimedia.org/wikipedia/commons/thumb/8/85/Body_Movements_I.jpg/1920px-Body_Movements_I.jpg?utm_source=en.wikipedia.org&utm_campaign=imageinfo&utm_content=thumbnail","619024c8facab9b35a8593fb3b9ef215ccfdf7e0","619024c8facab9b35a8593fb3b9ef215ccfdf7e0","WikiProject_v0.5/xowa_app_windows_64_v4.6.12.2009/file/commons.wikimedia.org/orig/8/5/9/6/Body_Movements_I.jpg","396108","2026-08-10T18:51:36.4016567Z","INCLUDE"
"Anatomical terminology","Medicine","File:Body Movements II.jpg","CC BY 4.0","Tonye Ogele CNX","https://commons.wikimedia.org/wiki/File:Body_Movements_II.jpg","https://upload.wikimedia.org/wikipedia/commons/b/bc/Body_Movements_II.jpg?utm_source=en.wikipedia.org&utm_campaign=imageinfo&utm_content=original","8782cf72dca7895dd21c9c591f4411c0aa148ec5","8782cf72dca7895dd21c9c591f4411c0aa148ec5","WikiProject_v0.5/xowa_app_windows_64_v4.6.12.2009/file/commons.wikimedia.org/orig/b/c/0/5/Body_Movements_II.jpg","1168528","2026-08-10T18:51:36.9248601Z","INCLUDE"
"Lyme disease","Medicine","File:Borrelia burgdorferi-cropped.jpg","Public domain","Photo Credit: Content Providers(s): CDC","https://commons.wikimedia.org/wiki/File:Borrelia_burgdorferi-cropped.jpg","https://commons.wikimedia.org/wiki/Special:Redirect/file/Borrelia%20burgdorferi-cropped.jpg","de788328ccb0e8c3d060d5d4305fd0f330c537fc","de788328ccb0e8c3d060d5d4305fd0f330c537fc","WikiProject_v0.5/xowa_app_windows_64_v4.6.12.2009/file/commons.wikimedia.org/orig/1/5/e/5/Borrelia_burgdorferi-cropped.jpg","99266","2026-08-10T18:52:01.2415303Z","INCLUDE"
"Human brain","Medicine","File:Brain autopsy lateral view.jpg","CC BY-SA 4.0","Jensflorian","https://commons.wikimedia.org/wiki/File:Brain_autopsy_lateral_view.jpg","https://upload.wikimedia.org/wikipedia/commons/thumb/8/89/Brain_autopsy_lateral_view.jpg/1920px-Brain_autopsy_lateral_view.jpg?utm_source=en.wikipedia.org&utm_campaign=imageinfo&utm_content=thumbnail","ad82b4baf49e855a622652e9e73ac1bc37e817bd","ad82b4baf49e855a622652e9e73ac1bc37e817bd","WikiProject_v0.5/xowa_app_windows_64_v4.6.12.2009/file/commons.wikimedia.org/orig/8/9/9/6/Brain_autopsy_lateral_view.jpg","397350","2026-08-10T18:51:37.7612645Z","INCLUDE"
"Respiratory system","Medicine","File:Breathing in fish.jpg","CC BY-SA 4.0","Cruithne9","https://commons.wikimedia.org/wiki/File:Breathing_in_fish.jpg","https://upload.wikimedia.org/wikipedia/commons/thumb/b/b2/Breathing_in_fish.jpg/1920px-Breathing_in_fish.jpg?utm_source=en.wikipedia.org&utm_campaign=imageinfo&utm_content=thumbnail","ef34e3eccf3ad9e11e85549f5b2865e0dbfa1e5b","ef34e3eccf3ad9e11e85549f5b2865e0dbfa1e5b","WikiProject_v0.5/xowa_app_windows_64_v4.6.12.2009/file/commons.wikimedia.org/orig/b/2/5/a/Breathing_in_fish.jpg","250897","2026-08-10T18:51:39.4390790Z","INCLUDE"
"Bone fracture","Medicine","File:Broken fixed arm.jpg","Public domain","Sjbrown at English Wikipedia","https://commons.wikimedia.org/wiki/File:Broken_fixed_arm.jpg","https://upload.wikimedia.org/wikipedia/commons/d/d5/Broken_fixed_arm.jpg?utm_source=en.wikipedia.org&utm_campaign=imageinfo&utm_content=original","137fd1e921c7ca8302e1ab1f5bfbf6913a52d9da","137fd1e921c7ca8302e1ab1f5bfbf6913a52d9da","WikiProject_v0.5/xowa_app_windows_64_v4.6.12.2009/file/commons.wikimedia.org/orig/d/5/a/9/Broken_fixed_arm.jpg","70028","2026-08-10T18:51:37.2837723Z","INCLUDE"
"Spider bite","Medicine","File:BrownRecuse1.jpg","Public domain","CDC","https://commons.wikimedia.org/wiki/File:BrownRecuse1.jpg","https://commons.wikimedia.org/wiki/Special:Redirect/file/BrownRecuse1.jpg","0958df0c7db7bb8ef80443fb63876f650473951b","0958df0c7db7bb8ef80443fb63876f650473951b","WikiProject_v0.5/xowa_app_windows_64_v4.6.12.2009/file/commons.wikimedia.org/orig/4/7/f/2/BrownRecuse1.jpg","55621","2026-08-10T18:52:02.1291766Z","INCLUDE"
"Impetigo","Medicine","File:Bullous impetigo1.jpg","CC BY-SA 4.0","Littlekidsdoc","https://commons.wikimedia.org/wiki/File:Bullous_impetigo1.jpg","https://commons.wikimedia.org/wiki/Special:Redirect/file/Bullous%20impetigo1.jpg","6b2cd54966c69680fe02476b34f0996f6222b283","6b2cd54966c69680fe02476b34f0996f6222b283","WikiProject_v0.5/xowa_app_windows_64_v4.6.12.2009/file/commons.wikimedia.org/orig/6/0/b/c/Bullous_impetigo1.jpg","1318037","2026-08-10T18:52:01.2415303Z","INCLUDE"
"Burn","Medicine","File:Burn Degree Diagram.svg","CC BY-SA 3.0","The original uploader was K. Aainsqatsi at English Wikipedia . ( Original text: K. Aainsqatsi )","https://commons.wikimedia.org/wiki/File:Burn_Degree_Diagram.svg","https://upload.wikimedia.org/wikipedia/commons/9/93/Burn_Degree_Diagram.svg?utm_source=en.wikipedia.org&utm_campaign=imageinfo&utm_content=original","740a523ba11f1c4b400577f2594e6478ba9a168c","740a523ba11f1c4b400577f2594e6478ba9a168c","WikiProject_v0.5/xowa_app_windows_64_v4.6.12.2009/file/commons.wikimedia.org/orig/9/3/e/0/Burn_Degree_Diagram.svg","473730","2026-08-10T18:51:37.2837723Z","INCLUDE"
"Crankshaft","Engineering","File:Cad crank.jpg","CC BY-SA 3.0","Freeformer","https://commons.wikimedia.org/wiki/File:Cad_crank.jpg","https://upload.wikimedia.org/wikipedia/commons/d/dc/Cad_crank.jpg?utm_source=en.wikipedia.org&utm_campaign=imageinfo&utm_content=original","664bf493128d098a953c39105dd590889fd41a15","664bf493128d098a953c39105dd590889fd41a15","WikiProject_v0.5/xowa_app_windows_64_v4.6.12.2009/file/commons.wikimedia.org/orig/d/c/e/8/Cad_crank.jpg","49417","2026-08-10T18:51:39.8363021Z","INCLUDE"
"Human brain","Medicine","File:CajalCerebellum.jpg","Public domain","Santiago Ramón","https://commons.wikimedia.org/wiki/File:CajalCerebellum.jpg","https://upload.wikimedia.org/wikipedia/commons/6/6f/CajalCerebellum.jpg?utm_source=en.wikipedia.org&utm_campaign=imageinfo&utm_content=original","a88ff8e93ea23f4dad66d7b1373e130897372fa5","a88ff8e93ea23f4dad66d7b1373e130897372fa5","WikiProject_v0.5/xowa_app_windows_64_v4.6.12.2009/file/commons.wikimedia.org/orig/6/f/2/3/CajalCerebellum.jpg","100280","2026-08-10T18:51:37.7612645Z","INCLUDE"
"Bicycle maintenance","Engineering","File:Campagnolo 1968 Tool Kit Wooden Box.jpg","CC BY 2.0","Italian_Bicycles","https://commons.wikimedia.org/wiki/File:Campagnolo_1968_Tool_Kit_Wooden_Box.jpg","https://commons.wikimedia.org/wiki/Special:Redirect/file/Campagnolo%201968%20Tool%20Kit%20Wooden%20Box.jpg","19d12c086ac4b8231be3fb565bc3bd4f9ebdc261","19d12c086ac4b8231be3fb565bc3bd4f9ebdc261","WikiProject_v0.5/xowa_app_windows_64_v4.6.12.2009/file/commons.wikimedia.org/orig/3/f/7/9/Campagnolo_1968_Tool_Kit_Wooden_Box.jpg","1514343","2026-08-10T18:52:02.1331928Z","INCLUDE"
"Sanitation","Public health","File:Canteen kitchen.jpg","Public domain","The original uploader was Lupo at English Wikipedia . ( Original text: California Department of Correction and Rehabilitation )","https://commons.wikimedia.org/wiki/File:Canteen_kitchen.jpg","https://upload.wikimedia.org/wikipedia/commons/1/1c/Canteen_kitchen.jpg?utm_source=en.wikipedia.org&utm_campaign=imageinfo&utm_content=original","af5cf79a7e6640eec48d55be00c20bd9c2442fa4","af5cf79a7e6640eec48d55be00c20bd9c2442fa4","WikiProject_v0.5/xowa_app_windows_64_v4.6.12.2009/file/commons.wikimedia.org/orig/1/c/5/e/Canteen_kitchen.jpg","14005","2026-08-10T18:51:39.8342931Z","INCLUDE"
"Circulatory system","Medicine","File:Capillary system CERT.jpg","Public domain","Community Emergency Response Team","https://commons.wikimedia.org/wiki/File:Capillary_system_CERT.jpg","https://upload.wikimedia.org/wikipedia/commons/f/f6/Capillary_system_CERT.jpg?utm_source=en.wikipedia.org&utm_campaign=imageinfo&utm_content=original","d385ad1ee48adcbebf053db8bf38721242e7df39","d385ad1ee48adcbebf053db8bf38721242e7df39","WikiProject_v0.5/xowa_app_windows_64_v4.6.12.2009/file/commons.wikimedia.org/orig/f/6/9/a/Capillary_system_CERT.jpg","81911","2026-08-10T18:51:36.9126351Z","INCLUDE"
"Airway management","Medicine","File:Catheter Introducing Forceps 01.jpg","CC BY-SA 3.0","AfroBrazilian","https://commons.wikimedia.org/wiki/File:Catheter_Introducing_Forceps_01.jpg","https://upload.wikimedia.org/wikipedia/commons/8/88/Catheter_Introducing_Forceps_01.jpg?utm_source=en.wikipedia.org&utm_campaign=imageinfo&utm_content=original","acce64b49c21631e9a2ae6dfa624f1d8ec92f6fe","acce64b49c21631e9a2ae6dfa624f1d8ec92f6fe","WikiProject_v0.5/xowa_app_windows_64_v4.6.12.2009/file/commons.wikimedia.org/orig/8/8/d/4/Catheter_Introducing_Forceps_01.jpg","178845","2026-08-10T18:51:36.9248601Z","INCLUDE"
"Cellulitis","Medicine","File:Cellulitis of lower leg and foot.jpg","CC BY-SA 4.0","cbinrva","https://commons.wikimedia.org/wiki/File:Cellulitis_of_lower_leg_and_foot.jpg","https://commons.wikimedia.org/wiki/Special:Redirect/file/Cellulitis%20of%20lower%20leg%20and%20foot.jpg?width=2400","7bc940b2f56c250673ee39d6a8a0e1a728bb5a29","7bc940b2f56c250673ee39d6a8a0e1a728bb5a29","WikiProject_v0.5/xowa_app_windows_64_v4.6.12.2009/file/commons.wikimedia.org/orig/1/f/8/2/Cellulitis_of_lower_leg_and_foot.jpg","1881430","2026-08-10T18:52:00.8470107Z","INCLUDE"
"Cellulitis","Medicine","File:Cellulitis3.jpg","CC BY-SA 3.0","RafaelLopez","https://commons.wikimedia.org/wiki/File:Cellulitis3.jpg","https://commons.wikimedia.org/wiki/Special:Redirect/file/Cellulitis3.jpg","4798e3cb5f629354ab338f9406c1230c7af2346d","4798e3cb5f629354ab338f9406c1230c7af2346d","WikiProject_v0.5/xowa_app_windows_64_v4.6.12.2009/file/commons.wikimedia.org/orig/6/0/1/8/Cellulitis3.jpg","276704","2026-08-10T18:52:00.8470107Z","INCLUDE"
"Cellulitis","Medicine","File:CellulitisJmh649.JPG","CC BY-SA 3.0","James Heilman, MD","https://commons.wikimedia.org/wiki/File:CellulitisJmh649.JPG","https://commons.wikimedia.org/wiki/Special:Redirect/file/CellulitisJmh649.JPG?width=2400","27d5d1bf9f77dee6fcdcba836c5138aeb1afaa01","27d5d1bf9f77dee6fcdcba836c5138aeb1afaa01","WikiProject_v0.5/xowa_app_windows_64_v4.6.12.2009/file/commons.wikimedia.org/orig/4/6/3/5/CellulitisJmh649.JPG","1450621","2026-08-10T18:52:00.8470107Z","INCLUDE"
"Carpentry","Construction","File:Centre Pompidou-Metz - Montage de la charpente en bois et des pièces de fixation de la toile.JPG","CC BY-SA 3.0","MOSSOT","https://commons.wikimedia.org/wiki/File:Centre_Pompidou-Metz_-_Montage_de_la_charpente_en_bois_et_des_pi%C3%A8ces_de_fixation_de_la_toile.JPG","https://upload.wikimedia.org/wikipedia/commons/thumb/7/7d/Centre_Pompidou-Metz_-_Montage_de_la_charpente_en_bois_et_des_pi%C3%A8ces_de_fixation_de_la_toile.JPG/1920px-Centre_Pompidou-Metz_-_Montage_de_la_charpente_en_bois_et_des_pi%C3%A8ces_de_fixation_de_la_toile.JPG?utm_source=en.wikipedia.org&utm_campaign=imageinfo&utm_content=thumbnail","cdbe182150e182effdb02cdc76a3d42b4f54cc06","cdbe182150e182effdb02cdc76a3d42b4f54cc06","WikiProject_v0.5/xowa_app_windows_64_v4.6.12.2009/file/commons.wikimedia.org/orig/7/d/7/8/Centre_Pompidou-Metz_-_Montage_de_la_charpente_en_bois_et_des_pièces_de_fixation_de_la_toile.JPG","1636980","2026-08-10T18:52:00.4764038Z","INCLUDE"
"Heart","Medicine","File:Cephalopod systemic heart.svg","CC0","Tgru001","https://commons.wikimedia.org/wiki/File:Cephalopod_systemic_heart.svg","https://upload.wikimedia.org/wikipedia/commons/6/69/Cephalopod_systemic_heart.svg?utm_source=en.wikipedia.org&utm_campaign=imageinfo&utm_content=original","ed51650098bad2ad5086085da155fe8306b58d15","ed51650098bad2ad5086085da155fe8306b58d15","WikiProject_v0.5/xowa_app_windows_64_v4.6.12.2009/file/commons.wikimedia.org/orig/6/9/a/6/Cephalopod_systemic_heart.svg","19966","2026-08-10T18:51:37.2922744Z","INCLUDE"
"Radiography","Medicine","File:Cerebral angiography, arteria vertebralis sinister injection.JPG","Public domain","Lipothymia","https://commons.wikimedia.org/wiki/File:Cerebral_angiography,_arteria_vertebralis_sinister_injection.JPG","https://commons.wikimedia.org/wiki/Special:Redirect/file/Cerebral%20angiography%2C%20arteria%20vertebralis%20sinister%20injection.JPG","2a9f0e4ec11be826ae0aab81e6c79d35cd266b05","2a9f0e4ec11be826ae0aab81e6c79d35cd266b05","WikiProject_v0.5/xowa_app_windows_64_v4.6.12.2009/file/commons.wikimedia.org/orig/3/0/3/d/Cerebral_angiography,_arteria_vertebralis_sinister_injection.JPG","79584","2026-08-10T18:52:01.7506589Z","INCLUDE"
"Carpentry","Construction","File:Cervo100.jpg","CC BY 3.0","Georges Jansoone ( JoJan )","https://commons.wikimedia.org/wiki/File:Cervo100.jpg","https://upload.wikimedia.org/wikipedia/commons/thumb/f/fd/Cervo100.jpg/1920px-Cervo100.jpg?utm_source=en.wikipedia.org&utm_campaign=imageinfo&utm_content=thumbnail","13c084fb4b7768a9cbd2a93ce76c8784a5443d27","13c084fb4b7768a9cbd2a93ce76c8784a5443d27","WikiProject_v0.5/xowa_app_windows_64_v4.6.12.2009/file/commons.wikimedia.org/orig/f/d/e/f/Cervo100.jpg","890047","2026-08-10T18:52:00.4764038Z","INCLUDE"
"Chain drive","Engineering","File:Chain.gif","Public domain","Occupational Safety & Health Administration (OSHA) part of the U.S. Department of Labor","https://commons.wikimedia.org/wiki/File:Chain.gif","https://commons.wikimedia.org/wiki/Special:Redirect/file/Chain.gif","f9fb11067371a5a72d4963b0fb77bc007942479e","f9fb11067371a5a72d4963b0fb77bc007942479e","WikiProject_v0.5/xowa_app_windows_64_v4.6.12.2009/file/commons.wikimedia.org/orig/0/3/8/6/Chain.gif","87405","2026-08-10T18:52:02.5351589Z","INCLUDE"
"Nervous system","Medicine","File:Chemical synapse schema cropped.jpg","Public domain","user:Looie496 created file; Illustrator: Christy Krames, MA, CMI, for US National Institutes of Health, National Institute on Aging","https://commons.wikimedia.org/wiki/File:Chemical_synapse_schema_cropped.jpg","https://upload.wikimedia.org/wikipedia/commons/3/30/Chemical_synapse_schema_cropped.jpg?utm_source=en.wikipedia.org&utm_campaign=imageinfo&utm_content=original","2f981120608ca5e7ac97a5721ee68d1da7aaabbc","2f981120608ca5e7ac97a5721ee68d1da7aaabbc","WikiProject_v0.5/xowa_app_windows_64_v4.6.12.2009/file/commons.wikimedia.org/orig/3/0/6/d/Chemical_synapse_schema_cropped.jpg","145012","2026-08-10T18:51:39.0072110Z","INCLUDE"
"Cardiopulmonary resuscitation","Medicine","File:Chest compressions.gif","CC BY 3.0","Video by Bangkok Hospital Phuket Segment extracted and converted by Mikael Häggström","https://commons.wikimedia.org/wiki/File:Chest_compressions.gif","https://upload.wikimedia.org/wikipedia/commons/d/df/Chest_compressions.gif?utm_source=en.wikipedia.org&utm_campaign=imageinfo&utm_content=original","70cd6966eb5006c410b8ec85aff6fd646a33c364","70cd6966eb5006c410b8ec85aff6fd646a33c364","WikiProject_v0.5/xowa_app_windows_64_v4.6.12.2009/file/commons.wikimedia.org/orig/d/f/6/8/Chest_compressions.gif","339137","2026-08-10T18:51:36.4043538Z","INCLUDE"
"Human skull","Medicine","File:Chimpanzee skull.jpg","CC BY 3.0","Pastorius","https://commons.wikimedia.org/wiki/File:Chimpanzee_skull.jpg","https://upload.wikimedia.org/wikipedia/commons/5/55/Chimpanzee_skull.jpg?utm_source=en.wikipedia.org&utm_campaign=imageinfo&utm_content=original","0de17f6016a02f05a0541417bfab1bc573f38a8f","0de17f6016a02f05a0541417bfab1bc573f38a8f","WikiProject_v0.5/xowa_app_windows_64_v4.6.12.2009/file/commons.wikimedia.org/orig/5/5/0/a/Chimpanzee_skull.jpg","1940519","2026-08-10T18:51:38.3942744Z","INCLUDE"
"Pregnancy","Medicine","File:Church of the Visitation IMG 0637.JPG","CC BY-SA 3.0","Deror avi","https://commons.wikimedia.org/wiki/File:Church_of_the_Visitation_IMG_0637.JPG","https://upload.wikimedia.org/wikipedia/commons/thumb/3/35/Church_of_the_Visitation_IMG_0637.JPG/1920px-Church_of_the_Visitation_IMG_0637.JPG?utm_source=en.wikipedia.org&utm_campaign=imageinfo&utm_content=thumbnail","dd0c5dbcd3ddc25251ec722f56c468c39432a813","dd0c5dbcd3ddc25251ec722f56c468c39432a813","WikiProject_v0.5/xowa_app_windows_64_v4.6.12.2009/file/commons.wikimedia.org/orig/3/5/f/c/Church_of_the_Visitation_IMG_0637.JPG","1630445","2026-08-10T18:51:39.4379406Z","INCLUDE"
"Human brain","Medicine","File:Circle of Willis en.svg","Public domain","Rhcastilhos","https://commons.wikimedia.org/wiki/File:Circle_of_Willis_en.svg","https://upload.wikimedia.org/wikipedia/commons/2/2e/Circle_of_Willis_en.svg?utm_source=en.wikipedia.org&utm_campaign=imageinfo&utm_content=original","d7171727e031befeaddae4e599c50fbaa9c3305d","d7171727e031befeaddae4e599c50fbaa9c3305d","WikiProject_v0.5/xowa_app_windows_64_v4.6.12.2009/file/commons.wikimedia.org/orig/2/e/9/f/Circle_of_Willis_en.svg","101303","2026-08-10T18:51:37.7617900Z","INCLUDE"
"Circulatory system","Medicine","File:Circulatory System en.svg","Public domain","LadyofHats , Mariana Ruiz Villarreal","https://commons.wikimedia.org/wiki/File:Circulatory_System_en.svg","https://upload.wikimedia.org/wikipedia/commons/2/29/Circulatory_System_en.svg?utm_source=en.wikipedia.org&utm_campaign=imageinfo&utm_content=original","bd7f4cead48a16bf96b42fd361f5baa9cb2efea8","bd7f4cead48a16bf96b42fd361f5baa9cb2efea8","WikiProject_v0.5/xowa_app_windows_64_v4.6.12.2009/file/commons.wikimedia.org/orig/2/9/8/6/Circulatory_System_en.svg","751359","2026-08-10T18:51:36.9167048Z","INCLUDE"
"Eye","Medicine","File:Closed human eye, superior view.jpg","CC BY-SA 4.0","Rapidreflex","https://commons.wikimedia.org/wiki/File:Closed_human_eye,_superior_view.jpg","https://upload.wikimedia.org/wikipedia/commons/thumb/9/9d/Closed_human_eye%2C_superior_view.jpg/1920px-Closed_human_eye%2C_superior_view.jpg?utm_source=en.wikipedia.org&utm_campaign=imageinfo&utm_content=thumbnail","a076e2344d2ed42e2bf3a0280015aad85531ceaf","a076e2344d2ed42e2bf3a0280015aad85531ceaf","WikiProject_v0.5/xowa_app_windows_64_v4.6.12.2009/file/commons.wikimedia.org/orig/9/d/b/5/Closed_human_eye,_superior_view.jpg","503384","2026-08-10T18:51:36.9207303Z","INCLUDE"
"Pump","Engineering","File:Close-up of a Regenerative Turbine Pump Impeller inside of a T51 Series pump from MTH Pumps.jpg","CC BY 4.0","MTHPumps","https://commons.wikimedia.org/wiki/File:Close-up_of_a_Regenerative_Turbine_Pump_Impeller_inside_of_a_T51_Series_pump_from_MTH_Pumps.jpg","https://upload.wikimedia.org/wikipedia/commons/thumb/a/ac/Close-up_of_a_Regenerative_Turbine_Pump_Impeller_inside_of_a_T51_Series_pump_from_MTH_Pumps.jpg/1920px-Close-up_of_a_Regenerative_Turbine_Pump_Impeller_inside_of_a_T51_Series_pump_from_MTH_Pumps.jpg?utm_source=en.wikipedia.org&utm_campaign=imageinfo&utm_content=thumbnail","6dd62ca14e006af425f301562ac00f9fa3d5ab84","6dd62ca14e006af425f301562ac00f9fa3d5ab84","WikiProject_v0.5/xowa_app_windows_64_v4.6.12.2009/file/commons.wikimedia.org/orig/a/c/0/0/Close-up_of_a_Regenerative_Turbine_Pump_Impeller_inside_of_a_T51_Series_pump_from_MTH_Pumps.jpg","609016","2026-08-10T18:52:00.0084658Z","INCLUDE"
"Solar cell","Electrical","File:CO2 mitigation and price.jpg","CC BY-SA 4.0","Scientisit69","https://commons.wikimedia.org/wiki/File:CO2_mitigation_and_price.jpg","https://upload.wikimedia.org/wikipedia/commons/thumb/1/1b/CO2_mitigation_and_price.jpg/1920px-CO2_mitigation_and_price.jpg?utm_source=en.wikipedia.org&utm_campaign=imageinfo&utm_content=thumbnail","b23ea728b294991b8d3e8deba558f807f6400acd","b23ea728b294991b8d3e8deba558f807f6400acd","WikiProject_v0.5/xowa_app_windows_64_v4.6.12.2009/file/commons.wikimedia.org/orig/1/b/f/e/CO2_mitigation_and_price.jpg","528304","2026-08-10T18:52:00.4743981Z","INCLUDE"
"Snakebite","Medicine","File:Cobra bite in Thailand (image, 2023).jpg","CC BY 4.0","Chainwit.","https://commons.wikimedia.org/wiki/File:Cobra_bite_in_Thailand_(image,_2023).jpg","https://commons.wikimedia.org/wiki/Special:Redirect/file/Cobra%20bite%20in%20Thailand%20(image%2C%202023).jpg?width=2400","8289395811072a860cc749e3281e5a9cac632eaa","8289395811072a860cc749e3281e5a9cac632eaa","WikiProject_v0.5/xowa_app_windows_64_v4.6.12.2009/file/commons.wikimedia.org/orig/6/f/9/f/Cobra_bite_in_Thailand_(image,_2023).jpg","923532","2026-08-10T18:52:02.1291766Z","INCLUDE"
"Heart","Medicine","File:ConductionsystemoftheheartwithouttheHeart-en.svg","CC BY-SA 3.0","Madhero88 (original files); Angelito7 (this SVG version);","https://commons.wikimedia.org/wiki/File:ConductionsystemoftheheartwithouttheHeart-en.svg","https://upload.wikimedia.org/wikipedia/commons/a/ae/ConductionsystemoftheheartwithouttheHeart-en.svg?utm_source=en.wikipedia.org&utm_campaign=imageinfo&utm_content=original","da19c615d69e24f7cadd282622999a8bd0b143be","da19c615d69e24f7cadd282622999a8bd0b143be","WikiProject_v0.5/xowa_app_windows_64_v4.6.12.2009/file/commons.wikimedia.org/orig/a/e/9/0/ConductionsystemoftheheartwithouttheHeart-en.svg","53187","2026-08-10T18:51:37.2943265Z","INCLUDE"
"Carpentry","Construction","File:Cooper1.jpg","CC BY-SA 2.0","","https://commons.wikimedia.org/wiki/File:Cooper1.jpg","https://upload.wikimedia.org/wikipedia/commons/4/4d/Cooper1.jpg?utm_source=en.wikipedia.org&utm_campaign=imageinfo&utm_content=original","d8e2ab449cc1a2413985d7e9e3a1046766b782bc","d8e2ab449cc1a2413985d7e9e3a1046766b782bc","WikiProject_v0.5/xowa_app_windows_64_v4.6.12.2009/file/commons.wikimedia.org/orig/4/d/a/9/Cooper1.jpg","173458","2026-08-10T18:52:00.4764038Z","EXCLUDE_MISSING_CREDIT"
"Respiratory system","Medicine","File:Costillas.png","Public domain","Cristobal carrasco","https://commons.wikimedia.org/wiki/File:Costillas.png","https://upload.wikimedia.org/wikipedia/commons/2/27/Costillas.png?utm_source=en.wikipedia.org&utm_campaign=imageinfo&utm_content=original","1b0923e560535bbfefdc913b88d0d2d9cd92a9aa","1b0923e560535bbfefdc913b88d0d2d9cd92a9aa","WikiProject_v0.5/xowa_app_windows_64_v4.6.12.2009/file/commons.wikimedia.org/orig/2/7/b/2/Costillas.png","32156","2026-08-10T18:51:39.4390790Z","INCLUDE"
"Radiography","Medicine","File:Coude fp.PNG","CC BY-SA 2.5","MB","https://commons.wikimedia.org/wiki/File:Coude_fp.PNG","https://commons.wikimedia.org/wiki/Special:Redirect/file/Coude%20fp.PNG","3441f229796809d43671fed9009373b80b3ee23a","3441f229796809d43671fed9009373b80b3ee23a","WikiProject_v0.5/xowa_app_windows_64_v4.6.12.2009/file/commons.wikimedia.org/orig/9/3/f/a/Coude_fp.PNG","233891","2026-08-10T18:52:01.7506589Z","INCLUDE"
"Cardiopulmonary resuscitation","Medicine","File:CPR Training (49386549467).jpg","CC BY-SA 2.0","Naval Surface Warriors","https://commons.wikimedia.org/wiki/File:CPR_Training_(49386549467).jpg","https://upload.wikimedia.org/wikipedia/commons/thumb/f/f3/CPR_Training_%2849386549467%29.jpg/1920px-CPR_Training_%2849386549467%29.jpg?utm_source=en.wikipedia.org&utm_campaign=imageinfo&utm_content=thumbnail","ff2e0fee438a8018e2f1cc5632f120239db35518","ff2e0fee438a8018e2f1cc5632f120239db35518","WikiProject_v0.5/xowa_app_windows_64_v4.6.12.2009/file/commons.wikimedia.org/orig/f/3/f/0/CPR_Training_(49386549467).jpg","422858","2026-08-10T18:51:36.4060684Z","INCLUDE"
"Cardiopulmonary resuscitation","Medicine","File:CPR training-03.jpg","CC BY-SA 2.0 fr","Rama","https://commons.wikimedia.org/wiki/File:CPR_training-03.jpg","https://upload.wikimedia.org/wikipedia/commons/thumb/d/de/CPR_training-03.jpg/1920px-CPR_training-03.jpg?utm_source=en.wikipedia.org&utm_campaign=imageinfo&utm_content=thumbnail","efab430eb76b47d8f2e7bc3b485c45f3fdca3299","efab430eb76b47d8f2e7bc3b485c45f3fdca3299","WikiProject_v0.5/xowa_app_windows_64_v4.6.12.2009/file/commons.wikimedia.org/orig/d/e/9/0/CPR_training-03.jpg","340824","2026-08-10T18:51:36.4067218Z","EXCLUDE_LICENSE_REVIEW"
"Cardiopulmonary resuscitation","Medicine","File:CPR training-04.jpg","CC BY-SA 2.0 fr","Rama","https://commons.wikimedia.org/wiki/File:CPR_training-04.jpg","https://upload.wikimedia.org/wikipedia/commons/thumb/5/58/CPR_training-04.jpg/1920px-CPR_training-04.jpg?utm_source=en.wikipedia.org&utm_campaign=imageinfo&utm_content=thumbnail","bd9dd974401fdf2cf2559ac1489141614b274dff","bd9dd974401fdf2cf2559ac1489141614b274dff","WikiProject_v0.5/xowa_app_windows_64_v4.6.12.2009/file/commons.wikimedia.org/orig/5/8/c/2/CPR_training-04.jpg","551053","2026-08-10T18:51:36.9248601Z","EXCLUDE_LICENSE_REVIEW"
"Cardiopulmonary resuscitation","Medicine","File:CPR-Geo.png","CC BY-SA 4.0","Numbersinstitute","https://commons.wikimedia.org/wiki/File:CPR-Geo.png","https://upload.wikimedia.org/wikipedia/commons/e/e6/CPR-Geo.png?utm_source=en.wikipedia.org&utm_campaign=imageinfo&utm_content=original","259182ed1d51f726ab4bc3450647eb8202ad1423","259182ed1d51f726ab4bc3450647eb8202ad1423","WikiProject_v0.5/xowa_app_windows_64_v4.6.12.2009/file/commons.wikimedia.org/orig/e/6/e/a/CPR-Geo.png","94365","2026-08-10T18:51:36.4072480Z","INCLUDE"
"Cardiopulmonary resuscitation","Medicine","File:CPR-groups.png","CC BY-SA 4.0","Numbersinstitute","https://commons.wikimedia.org/wiki/File:CPR-groups.png","https://upload.wikimedia.org/wikipedia/commons/b/bc/CPR-groups.png?utm_source=en.wikipedia.org&utm_campaign=imageinfo&utm_content=original","0b5b3319357f6333bc448eb3beb0cea054210f38","0b5b3319357f6333bc448eb3beb0cea054210f38","WikiProject_v0.5/xowa_app_windows_64_v4.6.12.2009/file/commons.wikimedia.org/orig/b/c/8/3/CPR-groups.png","167950","2026-08-10T18:51:36.4082867Z","INCLUDE"
"Respiratory system","Medicine","File:Cross-current exchanger.jpg","CC BY-SA 4.0","Cruithne9","https://commons.wikimedia.org/wiki/File:Cross-current_exchanger.jpg","https://upload.wikimedia.org/wikipedia/commons/thumb/2/2d/Cross-current_exchanger.jpg/1920px-Cross-current_exchanger.jpg?utm_source=en.wikipedia.org&utm_campaign=imageinfo&utm_content=thumbnail","a2d03ae042f889e713b8aa06b0546f6c42c66ade","a2d03ae042f889e713b8aa06b0546f6c42c66ade","WikiProject_v0.5/xowa_app_windows_64_v4.6.12.2009/file/commons.wikimedia.org/orig/2/d/5/2/Cross-current_exchanger.jpg","196895","2026-08-10T18:51:39.4390790Z","INCLUDE"
"Crankshaft","Engineering","File:Cshaft.gif","Public domain","NASA","https://commons.wikimedia.org/wiki/File:Cshaft.gif","https://upload.wikimedia.org/wikipedia/commons/a/ac/Cshaft.gif?utm_source=en.wikipedia.org&utm_campaign=imageinfo&utm_content=original","59f3d814d735fb6237dd650ad5b610ffc93b324e","59f3d814d735fb6237dd650ad5b610ffc93b324e","WikiProject_v0.5/xowa_app_windows_64_v4.6.12.2009/file/commons.wikimedia.org/orig/a/c/6/e/Cshaft.gif","1622193","2026-08-10T18:51:39.8363021Z","INCLUDE"
"Medical imaging","Medicine","File:CT Brain Scan.jpg","CC BY 4.0","Goleisureintl","https://commons.wikimedia.org/wiki/File:CT_Brain_Scan.jpg","https://commons.wikimedia.org/wiki/Special:Redirect/file/CT%20Brain%20Scan.jpg","3e10488e9b9e4bcea48463693c3e7acfc4e6b028","3e10488e9b9e4bcea48463693c3e7acfc4e6b028","WikiProject_v0.5/xowa_app_windows_64_v4.6.12.2009/file/commons.wikimedia.org/orig/d/b/b/d/CT_Brain_Scan.jpg","334765","2026-08-10T18:52:01.7506589Z","INCLUDE"
"Liver","Medicine","File:CT scan showing liver and kidney.jpg","CC BY 3.0","Dr. I-Chen Tsai","https://commons.wikimedia.org/wiki/File:CT_scan_showing_liver_and_kidney.jpg","https://upload.wikimedia.org/wikipedia/commons/e/e3/CT_scan_showing_liver_and_kidney.jpg?utm_source=en.wikipedia.org&utm_campaign=imageinfo&utm_content=original","fca3d64fcb01ebbdea38e7d8be4a36f9fcb3c8a9","fca3d64fcb01ebbdea38e7d8be4a36f9fcb3c8a9","WikiProject_v0.5/xowa_app_windows_64_v4.6.12.2009/file/commons.wikimedia.org/orig/e/3/1/6/CT_scan_showing_liver_and_kidney.jpg","113927","2026-08-10T18:51:38.9676084Z","INCLUDE"
"Liver","Medicine","File:CTscanofmyLiver.jpg","CC BY-SA 3.0","RGshredfox","https://commons.wikimedia.org/wiki/File:CTscanofmyLiver.jpg","https://upload.wikimedia.org/wikipedia/commons/6/6a/CTscanofmyLiver.jpg?utm_source=en.wikipedia.org&utm_campaign=imageinfo&utm_content=original","fc22ec519821c12c5d304793407ee3b15fdc00f3","fc22ec519821c12c5d304793407ee3b15fdc00f3","WikiProject_v0.5/xowa_app_windows_64_v4.6.12.2009/file/commons.wikimedia.org/orig/6/a/1/9/CTscanofmyLiver.jpg","27128","2026-08-10T18:51:38.9696852Z","INCLUDE"
"Human skull","Medicine","File:CuckooSkull.jpg","Public domain","R Bowdler Sharpe","https://commons.wikimedia.org/wiki/File:CuckooSkull.jpg","https://upload.wikimedia.org/wikipedia/commons/0/0b/CuckooSkull.jpg?utm_source=en.wikipedia.org&utm_campaign=imageinfo&utm_content=original","aa5092f22c545b14de0024675c9f366beb5d37ae","aa5092f22c545b14de0024675c9f366beb5d37ae","WikiProject_v0.5/xowa_app_windows_64_v4.6.12.2009/file/commons.wikimedia.org/orig/0/b/9/5/CuckooSkull.jpg","73184","2026-08-10T18:51:38.3942744Z","INCLUDE"
"Infection","Medicine","File:CulexNil.jpg","Public domain","","https://commons.wikimedia.org/wiki/File:CulexNil.jpg","https://upload.wikimedia.org/wikipedia/commons/d/d7/CulexNil.jpg?utm_source=en.wikipedia.org&utm_campaign=imageinfo&utm_content=original","108b9e9558edee36f9e01f1c5869c9012b3475a3","108b9e9558edee36f9e01f1c5869c9012b3475a3","WikiProject_v0.5/xowa_app_windows_64_v4.6.12.2009/file/commons.wikimedia.org/orig/d/7/1/8/CulexNil.jpg","30468","2026-08-10T18:51:38.9593854Z","INCLUDE"
"Abscess","Medicine","File:Cutaneous abscess MRSA staphylococcus aureus 7826 lores.jpg","Public domain","CDC/Bruno Coignard, M.D.; Jeff Hageman, M.H.S.","https://commons.wikimedia.org/wiki/File:Cutaneous_abscess_MRSA_staphylococcus_aureus_7826_lores.jpg","https://commons.wikimedia.org/wiki/Special:Redirect/file/Cutaneous%20abscess%20MRSA%20staphylococcus%20aureus%207826%20lores.jpg?width=2400","a106665fb197c43343ecc4781115f21a56edd5fa","a106665fb197c43343ecc4781115f21a56edd5fa","WikiProject_v0.5/xowa_app_windows_64_v4.6.12.2009/file/commons.wikimedia.org/orig/3/b/2/0/Cutaneous_abscess_MRSA_staphylococcus_aureus_7826_lores.jpg","1856834","2026-08-10T18:52:00.8470107Z","INCLUDE"
"Solar cell","Electrical","File:Dawn solar panel.jpg","Public domain","NASA/George Shelton","https://commons.wikimedia.org/wiki/File:Dawn_solar_panel.jpg","https://upload.wikimedia.org/wikipedia/commons/thumb/b/b7/Dawn_solar_panel.jpg/1920px-Dawn_solar_panel.jpg?utm_source=en.wikipedia.org&utm_campaign=imageinfo&utm_content=thumbnail","74410c8bbb2811b5cda421a2cfa7a82c4ad41175","74410c8bbb2811b5cda421a2cfa7a82c4ad41175","WikiProject_v0.5/xowa_app_windows_64_v4.6.12.2009/file/commons.wikimedia.org/orig/b/7/a/0/Dawn_solar_panel.jpg","593043","2026-08-10T18:52:00.4743981Z","INCLUDE"
"Electric generator","Electrical","File:Day 47 Occupy Wall Street November 2 2011 Shankbone 15.JPG","CC BY 3.0","David Shankbone","https://commons.wikimedia.org/wiki/File:Day_47_Occupy_Wall_Street_November_2_2011_Shankbone_15.JPG","https://upload.wikimedia.org/wikipedia/commons/thumb/d/d3/Day_47_Occupy_Wall_Street_November_2_2011_Shankbone_15.JPG/1920px-Day_47_Occupy_Wall_Street_November_2_2011_Shankbone_15.JPG?utm_source=en.wikipedia.org&utm_campaign=imageinfo&utm_content=thumbnail","50cf8a08a278a6f5b4ba0873530cf55d0f6ff88f","50cf8a08a278a6f5b4ba0873530cf55d0f6ff88f","WikiProject_v0.5/xowa_app_windows_64_v4.6.12.2009/file/commons.wikimedia.org/orig/d/3/c/7/Day_47_Occupy_Wall_Street_November_2_2011_Shankbone_15.JPG","1116935","2026-08-10T18:52:00.0145550Z","INCLUDE"
"Pressure ulcer","Medicine","File:Decubitus ulcer stage 4.jpg","Public domain","Noles1984 ( talk ) 15:45, 7 May 2008 (UTC)","https://commons.wikimedia.org/wiki/File:Decubitus_ulcer_stage_4.jpg","https://commons.wikimedia.org/wiki/Special:Redirect/file/Decubitus%20ulcer%20stage%204.jpg","ffad485a5b50c9dda538929ebca04b57af1bad00","ffad485a5b50c9dda538929ebca04b57af1bad00","WikiProject_v0.5/xowa_app_windows_64_v4.6.12.2009/file/commons.wikimedia.org/orig/6/8/b/3/Decubitus_ulcer_stage_4.jpg","81199","2026-08-10T18:52:01.7506589Z","INCLUDE"
"Medical imaging","Medicine","File:Derivative of medical imaging.jpg","CC BY-SA 3.0","Mikael Häggström , from source images by ZooFari , Stillwaterising and Gray's Anatomy creators","https://commons.wikimedia.org/wiki/File:Derivative_of_medical_imaging.jpg","https://commons.wikimedia.org/wiki/Special:Redirect/file/Derivative%20of%20medical%20imaging.jpg","d7d1d24f42586001f597081d64f85eca281d1d16","d7d1d24f42586001f597081d64f85eca281d1d16","WikiProject_v0.5/xowa_app_windows_64_v4.6.12.2009/file/commons.wikimedia.org/orig/2/4/c/3/Derivative_of_medical_imaging.jpg","604767","2026-08-10T18:52:01.7506589Z","INCLUDE"
"Nervous system","Medicine","File:Development of the neural tube.png","Public domain","user:Looie496 created file, original artist unknown","https://commons.wikimedia.org/wiki/File:Development_of_the_neural_tube.png","https://upload.wikimedia.org/wikipedia/commons/4/4c/Development_of_the_neural_tube.png?utm_source=en.wikipedia.org&utm_campaign=imageinfo&utm_content=original","35e1ba7a91fe61b02ddaf9e0cc42ec34c1bfcabd","35e1ba7a91fe61b02ddaf9e0cc42ec34c1bfcabd","WikiProject_v0.5/xowa_app_windows_64_v4.6.12.2009/file/commons.wikimedia.org/orig/4/c/1/f/Development_of_the_neural_tube.png","37190","2026-08-10T18:51:38.9717284Z","INCLUDE"
"Heart","Medicine","File:Diagram of the human heart (cropped).svg","CC BY-SA 3.0","Wapcaplet","https://commons.wikimedia.org/wiki/File:Diagram_of_the_human_heart_(cropped).svg","https://upload.wikimedia.org/wikipedia/commons/e/e5/Diagram_of_the_human_heart_%28cropped%29.svg?utm_source=en.wikipedia.org&utm_campaign=imageinfo&utm_content=original","1fc547f88edf6dba2f7a9937a0b8c20948f32abf","1fc547f88edf6dba2f7a9937a0b8c20948f32abf","WikiProject_v0.5/xowa_app_windows_64_v4.6.12.2009/file/commons.wikimedia.org/orig/e/5/7/9/Diagram_of_the_human_heart_(cropped).svg","99098","2026-08-10T18:51:37.2985045Z","INCLUDE"
"Spinal cord","Medicine","File:Diagram of the spinal cord CRUK 046.svg","CC BY-SA 4.0","Cancer Research UK","https://commons.wikimedia.org/wiki/File:Diagram_of_the_spinal_cord_CRUK_046.svg","https://upload.wikimedia.org/wikipedia/commons/4/48/Diagram_of_the_spinal_cord_CRUK_046.svg?utm_source=en.wikipedia.org&utm_campaign=imageinfo&utm_content=original","45164460f76025cda92cc85a6d2aef3a170f5dd1","45164460f76025cda92cc85a6d2aef3a170f5dd1","WikiProject_v0.5/xowa_app_windows_64_v4.6.12.2009/file/commons.wikimedia.org/orig/4/8/c/f/Diagram_of_the_spinal_cord_CRUK_046.svg","168215","2026-08-10T18:51:39.4410545Z","INCLUDE"
"Human digestive system","Medicine","File:Digestive system diagram en.svg","Public domain","Mariana Ruiz , Jmarchn","https://commons.wikimedia.org/wiki/File:Digestive_system_diagram_en.svg","https://upload.wikimedia.org/wikipedia/commons/c/c5/Digestive_system_diagram_en.svg?utm_source=en.wikipedia.org&utm_campaign=imageinfo&utm_content=original","49dfdb124b070e91b22d61907ce9cf1fb1fe9569","49dfdb124b070e91b22d61907ce9cf1fb1fe9569","WikiProject_v0.5/xowa_app_windows_64_v4.6.12.2009/file/commons.wikimedia.org/orig/c/5/7/1/Digestive_system_diagram_en.svg","415148","2026-08-10T18:51:37.7623085Z","INCLUDE"
"Anatomical terminology","Medicine","File:Directional Terms.jpg","CC BY 3.0","OpenStax College. Anatomy & Physiology, Connexions Web site. http://cnx.org/content/col11496/1.6/ , Jun 19, 2013.","https://commons.wikimedia.org/wiki/File:Directional_Terms.jpg","https://upload.wikimedia.org/wikipedia/commons/e/e1/Directional_Terms.jpg?utm_source=en.wikipedia.org&utm_campaign=imageinfo&utm_content=original","e356a7098a9911af5537206fe5da40e8d44c32d1","e356a7098a9911af5537206fe5da40e8d44c32d1","WikiProject_v0.5/xowa_app_windows_64_v4.6.12.2009/file/commons.wikimedia.org/orig/e/1/a/5/Directional_Terms.jpg","286636","2026-08-10T18:51:36.4027935Z","INCLUDE"
"Infection","Medicine","File:Dit del peu gros infectat.jpg","CC BY-SA 3.0","Marc CAT","https://commons.wikimedia.org/wiki/File:Dit_del_peu_gros_infectat.jpg","https://upload.wikimedia.org/wikipedia/commons/8/8f/Dit_del_peu_gros_infectat.jpg?utm_source=en.wikipedia.org&utm_campaign=imageinfo&utm_content=original","a53e5df9b8c229f4b938175d985c221e46d3e855","a53e5df9b8c229f4b938175d985c221e46d3e855","WikiProject_v0.5/xowa_app_windows_64_v4.6.12.2009/file/commons.wikimedia.org/orig/8/f/8/3/Dit_del_peu_gros_infectat.jpg","19960","2026-08-10T18:51:38.9593854Z","INCLUDE"
"Water purification","Public health","File:Drinking water.jpg","CC BY-SA 3.0","Photo taken by de:Benutzer:Alex Anlicker using a Nikon Coolpix 950.","https://commons.wikimedia.org/wiki/File:Drinking_water.jpg","https://upload.wikimedia.org/wikipedia/commons/a/ae/Drinking_water.jpg?utm_source=en.wikipedia.org&utm_campaign=imageinfo&utm_content=original","8253beed87919abb6bf84db272985f2468c84dc1","8253beed87919abb6bf84db272985f2468c84dc1","WikiProject_v0.5/xowa_app_windows_64_v4.6.12.2009/file/commons.wikimedia.org/orig/a/e/b/5/Drinking_water.jpg","32243","2026-08-10T18:51:39.8342931Z","INCLUDE"
"Carpentry","Construction","File:EB1911 Carpentry Fig. 36 - Balloon Frame.jpg","Public domain","Chisholm, Hugh, ed.","https://commons.wikimedia.org/wiki/File:EB1911_Carpentry_Fig._36_-_Balloon_Frame.jpg","https://upload.wikimedia.org/wikipedia/commons/3/33/EB1911_Carpentry_Fig._36_-_Balloon_Frame.jpg?utm_source=en.wikipedia.org&utm_campaign=imageinfo&utm_content=original","9a3be8e116eeaebf17efb213a04a6f122fde314f","9a3be8e116eeaebf17efb213a04a6f122fde314f","WikiProject_v0.5/xowa_app_windows_64_v4.6.12.2009/file/commons.wikimedia.org/orig/3/3/3/9/EB1911_Carpentry_Fig._36_-_Balloon_Frame.jpg","88343","2026-08-10T18:52:00.4764038Z","INCLUDE"
"Electric motor","Electrical","File:Electric motor cycle 2.png","CC BY-SA 3.0","","https://commons.wikimedia.org/wiki/File:Electric_motor_cycle_2.png","https://upload.wikimedia.org/wikipedia/commons/0/04/Electric_motor_cycle_2.png?utm_source=en.wikipedia.org&utm_campaign=imageinfo&utm_content=original","4b13885e22b09d2330f94de44ab276df680f197c","4b13885e22b09d2330f94de44ab276df680f197c","WikiProject_v0.5/xowa_app_windows_64_v4.6.12.2009/file/commons.wikimedia.org/orig/0/4/e/7/Electric_motor_cycle_2.png","31572","2026-08-10T18:52:00.0145550Z","EXCLUDE_MISSING_CREDIT"
"Electric current","Electrical","File:Electromagnetic induction - solenoid to loop - animation.gif","CC BY-SA 4.0","Ponor","https://commons.wikimedia.org/wiki/File:Electromagnetic_induction_-_solenoid_to_loop_-_animation.gif","https://upload.wikimedia.org/wikipedia/commons/7/72/Electromagnetic_induction_-_solenoid_to_loop_-_animation.gif?utm_source=en.wikipedia.org&utm_campaign=imageinfo&utm_content=original","7e9b58734173dea4699dfdc3a6514090225d73fa","7e9b58734173dea4699dfdc3a6514090225d73fa","WikiProject_v0.5/xowa_app_windows_64_v4.6.12.2009/file/commons.wikimedia.org/orig/7/2/5/e/Electromagnetic_induction_-_solenoid_to_loop_-_animation.gif","502537","2026-08-10T18:52:00.0135473Z","INCLUDE"
"Electricity","Electrical","File:Electromagnetism.svg","CC BY-SA 3.0","User:Stannered","https://commons.wikimedia.org/wiki/File:Electromagnetism.svg","https://upload.wikimedia.org/wikipedia/commons/9/91/Electromagnetism.svg?utm_source=en.wikipedia.org&utm_campaign=imageinfo&utm_content=original","0f271b2e7d7fa44f071c62f7e186d1f8857bc539","0f271b2e7d7fa44f071c62f7e186d1f8857bc539","WikiProject_v0.5/xowa_app_windows_64_v4.6.12.2009/file/commons.wikimedia.org/orig/9/1/6/e/Electromagnetism.svg","23428","2026-08-10T18:52:00.0145550Z","INCLUDE"
"Inductor","Electrical","File:Electronic component inductors.jpg","CC BY-SA 3.0","Miguel","https://commons.wikimedia.org/wiki/File:Electronic_component_inductors.jpg","https://upload.wikimedia.org/wikipedia/commons/a/a1/Electronic_component_inductors.jpg?utm_source=en.wikipedia.org&utm_campaign=imageinfo&utm_content=original","5add86f17c9fdf97ff43c977e36843c2b4f172a3","5add86f17c9fdf97ff43c977e36843c2b4f172a3","WikiProject_v0.5/xowa_app_windows_64_v4.6.12.2009/file/commons.wikimedia.org/orig/a/1/7/d/Electronic_component_inductors.jpg","157859","2026-08-10T18:52:00.4723925Z","INCLUDE"
"Resistor","Electrical","File:Electronic-Axial-Lead-Resistors-Array.png","Public domain","User:Evan-Amos","https://commons.wikimedia.org/wiki/File:Electronic-Axial-Lead-Resistors-Array.png","https://upload.wikimedia.org/wikipedia/commons/c/ce/Electronic-Axial-Lead-Resistors-Array.png?utm_source=en.wikipedia.org&utm_campaign=imageinfo&utm_content=original","6295e557b98a5b253468eaddae35d71707c35ba9","6295e557b98a5b253468eaddae35d71707c35ba9","WikiProject_v0.5/xowa_app_windows_64_v4.6.12.2009/file/commons.wikimedia.org/orig/c/e/4/7/Electronic-Axial-Lead-Resistors-Array.png","1285048","2026-08-10T18:52:00.4743981Z","INCLUDE"
"Ultrasound","Medicine","File:Embryo at 14 weeks profile.JPG","Public domain","X.Compagnion (cropd by Hidro )","https://commons.wikimedia.org/wiki/File:Embryo_at_14_weeks_profile.JPG","https://commons.wikimedia.org/wiki/Special:Redirect/file/Embryo%20at%2014%20weeks%20profile.JPG","f92d208e84c289d97823577b54bd12d726ea5c5c","f92d208e84c289d97823577b54bd12d726ea5c5c","WikiProject_v0.5/xowa_app_windows_64_v4.6.12.2009/file/commons.wikimedia.org/orig/f/3/e/f/Embryo_at_14_weeks_profile.JPG","24574","2026-08-10T18:52:02.1311836Z","INCLUDE"
"Human brain","Medicine","File:Embryonic Development CNS.png","Public domain","Source: Goodlett, C.R., and Horn, K.H. Mechanisms of alcohol–induced damage to the developing nervous system. Alcohol Research & Health 25(3):175–184, 2001.","https://commons.wikimedia.org/wiki/File:Embryonic_Development_CNS.png","https://upload.wikimedia.org/wikipedia/commons/1/15/Embryonic_Development_CNS.png?utm_source=en.wikipedia.org&utm_campaign=imageinfo&utm_content=original","3dff1301f39d60087f9df1eacfe1dbbef16b153a","3dff1301f39d60087f9df1eacfe1dbbef16b153a","WikiProject_v0.5/xowa_app_windows_64_v4.6.12.2009/file/commons.wikimedia.org/orig/1/5/8/6/Embryonic_Development_CNS.png","23294","2026-08-10T18:51:37.7607392Z","INCLUDE"
"Shock (circulatory)","Medicine","File:Epipen.jpg","CC BY-SA 3.0","","https://commons.wikimedia.org/wiki/File:Epipen.jpg","https://upload.wikimedia.org/wikipedia/commons/6/60/Epipen.jpg?utm_source=en.wikipedia.org&utm_campaign=imageinfo&utm_content=original","4fa3460aa9a79d44fad76e6e3fc1dd142b9a591b","4fa3460aa9a79d44fad76e6e3fc1dd142b9a591b","WikiProject_v0.5/xowa_app_windows_64_v4.6.12.2009/file/commons.wikimedia.org/orig/6/0/b/4/Epipen.jpg","10620","2026-08-10T18:51:40.3402617Z","EXCLUDE_MISSING_CREDIT"
"Circulatory system","Medicine","File:Erytrocyte deoxy to oxy v0.7.gif","CC BY-SA 3.0","Rogeriopfm","https://commons.wikimedia.org/wiki/File:Erytrocyte_deoxy_to_oxy_v0.7.gif","https://upload.wikimedia.org/wikipedia/commons/7/75/Erytrocyte_deoxy_to_oxy_v0.7.gif?utm_source=en.wikipedia.org&utm_campaign=imageinfo&utm_content=original","0493591486bb80444a172925a517ffb0292064b7","0493591486bb80444a172925a517ffb0292064b7","WikiProject_v0.5/xowa_app_windows_64_v4.6.12.2009/file/commons.wikimedia.org/orig/7/5/d/4/Erytrocyte_deoxy_to_oxy_v0.7.gif","2446046","2026-08-10T18:51:36.9167048Z","INCLUDE"
"Liver","Medicine","File:ESCAYRAC(1853) p454 Planche VIII.jpg","Public domain","This file is from the Mechanical Curator collection , a set of over 1 million images scanned from out-of-copyright books and released to Flickr Commons by the British Library. View image on Flickr View all images from book View catalogue entry for book .","https://commons.wikimedia.org/wiki/File:ESCAYRAC(1853)_p454_Planche_VIII.jpg","https://upload.wikimedia.org/wikipedia/commons/thumb/6/60/ESCAYRAC%281853%29_p454_Planche_VIII.jpg/1920px-ESCAYRAC%281853%29_p454_Planche_VIII.jpg?utm_source=en.wikipedia.org&utm_campaign=imageinfo&utm_content=thumbnail","b854bd70c60e6a540991d5e13d6ad42af5db0b6a","b854bd70c60e6a540991d5e13d6ad42af5db0b6a","WikiProject_v0.5/xowa_app_windows_64_v4.6.12.2009/file/commons.wikimedia.org/orig/6/0/4/f/ESCAYRAC(1853)_p454_Planche_VIII.jpg","677030","2026-08-10T18:51:38.9614160Z","INCLUDE"
"First aid","Medicine","File:Esmarch original.jpg","Public domain","RudolfH","https://commons.wikimedia.org/wiki/File:Esmarch_original.jpg","https://upload.wikimedia.org/wikipedia/commons/thumb/8/86/Esmarch_original.jpg/1920px-Esmarch_original.jpg?utm_source=en.wikipedia.org&utm_campaign=imageinfo&utm_content=thumbnail","3ef733d90a71188ff8796f0fb64ab20475d7c031","3ef733d90a71188ff8796f0fb64ab20475d7c031","WikiProject_v0.5/xowa_app_windows_64_v4.6.12.2009/file/commons.wikimedia.org/orig/8/6/b/1/Esmarch_original.jpg","328478","2026-08-10T18:51:37.2871663Z","INCLUDE"
"Beekeeping","Agriculture","File:Essaim d'abeilles en vol (modifiée).jpg","CC BY-SA 3.0","","https://commons.wikimedia.org/wiki/File:Essaim_d%27abeilles_en_vol_(modifi%C3%A9e).jpg","https://upload.wikimedia.org/wikipedia/commons/4/46/Essaim_d%27abeilles_en_vol_%28modifi%C3%A9e%29.jpg?utm_source=en.wikipedia.org&utm_campaign=imageinfo&utm_content=original","5f9cb76a2738a664381989814d6ea41bf0bf0e0a","5f9cb76a2738a664381989814d6ea41bf0bf0e0a","WikiProject_v0.5/xowa_app_windows_64_v4.6.12.2009/file/commons.wikimedia.org/orig/4/6/7/3/Essaim_d'abeilles_en_vol_(modifiée).jpg","1166798","2026-08-10T18:51:35.8299338Z","EXCLUDE_MISSING_CREDIT"
"Bleeding","Medicine","File:Eye hemorrhage.jpg","CC BY-SA 3.0","","https://commons.wikimedia.org/wiki/File:Eye_hemorrhage.jpg","https://upload.wikimedia.org/wikipedia/commons/f/fc/Eye_hemorrhage.jpg?utm_source=en.wikipedia.org&utm_campaign=imageinfo&utm_content=original","5d4bf19444f11c7a37b8e6101c291cd8ad0ef415","5d4bf19444f11c7a37b8e6101c291cd8ad0ef415","WikiProject_v0.5/xowa_app_windows_64_v4.6.12.2009/file/commons.wikimedia.org/orig/f/c/3/6/Eye_hemorrhage.jpg","57082","2026-08-10T18:51:36.4033199Z","EXCLUDE_MISSING_CREDIT"
"Human reproductive system","Medicine","File:Female reproductive system lateral 1.png","CC BY-SA 4.0","The old versions were from Tsaitgaist . This new image is reworked, changed and improved by Sciencia58 so that there is no problem any more.","https://commons.wikimedia.org/wiki/File:Female_reproductive_system_lateral_1.png","https://upload.wikimedia.org/wikipedia/commons/8/87/Female_reproductive_system_lateral_1.png?utm_source=en.wikipedia.org&utm_campaign=imageinfo&utm_content=thumbnail_unscaled","58bc40367e6b14cfcb73a10ff13c9d1171ddb645","58bc40367e6b14cfcb73a10ff13c9d1171ddb645","WikiProject_v0.5/xowa_app_windows_64_v4.6.12.2009/file/commons.wikimedia.org/orig/8/7/5/b/Female_reproductive_system_lateral_1.png","290430","2026-08-10T18:51:38.3922565Z","INCLUDE"
"Liver","Medicine","File:Finnish maksalaatikko.JPG","CC BY-SA 3.0","PtG","https://commons.wikimedia.org/wiki/File:Finnish_maksalaatikko.JPG","https://upload.wikimedia.org/wikipedia/commons/thumb/c/c7/Finnish_maksalaatikko.JPG/1920px-Finnish_maksalaatikko.JPG?utm_source=en.wikipedia.org&utm_campaign=imageinfo&utm_content=thumbnail","3e1c93fda9973db091771544065e2c0a37151376","3e1c93fda9973db091771544065e2c0a37151376","WikiProject_v0.5/xowa_app_windows_64_v4.6.12.2009/file/commons.wikimedia.org/orig/c/7/d/3/Finnish_maksalaatikko.JPG","474944","2026-08-10T18:51:38.9696852Z","INCLUDE"
"First aid","Medicine","File:First aider in parade.jpg","CC BY 2.0","Stuart Grout","https://commons.wikimedia.org/wiki/File:First_aider_in_parade.jpg","https://upload.wikimedia.org/wikipedia/commons/thumb/6/61/First_aider_in_parade.jpg/1920px-First_aider_in_parade.jpg?utm_source=en.wikipedia.org&utm_campaign=imageinfo&utm_content=thumbnail","49fb64d30e0d31f0a8868ed4a5cee30420146cd4","49fb64d30e0d31f0a8868ed4a5cee30420146cd4","WikiProject_v0.5/xowa_app_windows_64_v4.6.12.2009/file/commons.wikimedia.org/orig/6/1/4/7/First_aider_in_parade.jpg","824386","2026-08-10T18:51:37.2881797Z","INCLUDE"
"Abscess","Medicine","File:Five day old Abscess Extra Low Contrast B.jpg","CC BY-SA 4.0","","https://en.wikipedia.org/wiki/File:Five_day_old_Abscess_Extra_Low_Contrast_B.jpg","https://upload.wikimedia.org/wikipedia/en/8/84/Five_day_old_Abscess_Extra_Low_Contrast_B.jpg?utm_source=en.wikipedia.org&utm_campaign=imageinfo&utm_content=original","a33f3f231bf2b11854745fb47600fabbb5d7ff37","a33f3f231bf2b11854745fb47600fabbb5d7ff37","WikiProject_v0.5/xowa_app_windows_64_v4.6.12.2009/file/commons.wikimedia.org/orig/8/4/7/0/Five_day_old_Abscess_Extra_Low_Contrast_B.jpg","155969","2026-08-10T18:52:02.8069647Z","EXCLUDE_MISSING_CREDIT"
"Human reproductive system","Medicine","File:Flaccid Penis Shrinkage.jpg","CC BY-SA 4.0","Kriptzone","https://commons.wikimedia.org/wiki/File:Flaccid_Penis_Shrinkage.jpg","https://upload.wikimedia.org/wikipedia/commons/thumb/5/54/Flaccid_Penis_Shrinkage.jpg/1920px-Flaccid_Penis_Shrinkage.jpg?utm_source=en.wikipedia.org&utm_campaign=imageinfo&utm_content=thumbnail","876729ca7b51857d64b0d78ec59e3f70338c6db4","876729ca7b51857d64b0d78ec59e3f70338c6db4","WikiProject_v0.5/xowa_app_windows_64_v4.6.12.2009/file/commons.wikimedia.org/orig/5/4/2/b/Flaccid_Penis_Shrinkage.jpg","409664","2026-08-10T18:51:38.3922565Z","INCLUDE"
"Pulley","Engineering","File:Flachriemen.png","Public domain","No machine-readable author provided. Borowski~commonswiki assumed (based on copyright claims).","https://commons.wikimedia.org/wiki/File:Flachriemen.png","https://upload.wikimedia.org/wikipedia/commons/b/be/Flachriemen.png?utm_source=en.wikipedia.org&utm_campaign=imageinfo&utm_content=original","92febfda9d73bac69454d6acf1ff2867cf64ae8b","92febfda9d73bac69454d6acf1ff2867cf64ae8b","WikiProject_v0.5/xowa_app_windows_64_v4.6.12.2009/file/commons.wikimedia.org/orig/b/e/0/1/Flachriemen.png","115897","2026-08-10T18:51:40.3710024Z","INCLUDE"
"Dehydration","Medicine","File:Fluid composition of the body 1.3.png","CC BY-SA 4.0","Alan Sved and David Walsh","https://commons.wikimedia.org/wiki/File:Fluid_composition_of_the_body_1.3.png","https://upload.wikimedia.org/wikipedia/commons/thumb/5/59/Fluid_composition_of_the_body_1.3.png/1920px-Fluid_composition_of_the_body_1.3.png?utm_source=en.wikipedia.org&utm_campaign=imageinfo&utm_content=thumbnail","0357212bcf6f7f672b4fdc915fce8b9210dd19cd","0357212bcf6f7f672b4fdc915fce8b9210dd19cd","WikiProject_v0.5/xowa_app_windows_64_v4.6.12.2009/file/commons.wikimedia.org/orig/5/9/8/c/Fluid_composition_of_the_body_1.3.png","224827","2026-08-10T18:51:37.2871663Z","INCLUDE"
"Gear train","Engineering","File:FordtaunusV4front.jpg","Public domain","MH","https://commons.wikimedia.org/wiki/File:FordtaunusV4front.jpg","https://upload.wikimedia.org/wikipedia/commons/a/a5/FordtaunusV4front.jpg?utm_source=en.wikipedia.org&utm_campaign=imageinfo&utm_content=original","c3b0aa7056eb6e0531bd7ed6a442fb1e6c71741b","c3b0aa7056eb6e0531bd7ed6a442fb1e6c71741b","WikiProject_v0.5/xowa_app_windows_64_v4.6.12.2009/file/commons.wikimedia.org/orig/a/5/f/0/FordtaunusV4front.jpg","39123","2026-08-10T18:51:40.3402617Z","INCLUDE"
"Skin","Medicine","File:FrogSkin.png","CC BY-SA 3.0","Jon Houseman","https://commons.wikimedia.org/wiki/File:FrogSkin.png","https://upload.wikimedia.org/wikipedia/commons/7/73/FrogSkin.png?utm_source=en.wikipedia.org&utm_campaign=imageinfo&utm_content=original","4217e21ba71e8782c60caf0da42c7760afc4a506","4217e21ba71e8782c60caf0da42c7760afc4a506","WikiProject_v0.5/xowa_app_windows_64_v4.6.12.2009/file/commons.wikimedia.org/orig/7/3/e/c/FrogSkin.png","395016","2026-08-10T18:51:39.4410545Z","INCLUDE"
"Frostbite","Medicine","File:Frost bite.jpg","CC BY-SA 3.0","Dr. S. Falz","https://commons.wikimedia.org/wiki/File:Frost_bite.jpg","https://commons.wikimedia.org/wiki/Special:Redirect/file/Frost%20bite.jpg","e34e324857a075e9a388c9ab73edb0c6efb4a9fb","e34e324857a075e9a388c9ab73edb0c6efb4a9fb","WikiProject_v0.5/xowa_app_windows_64_v4.6.12.2009/file/commons.wikimedia.org/orig/c/f/2/9/Frost_bite.jpg","80600","2026-08-10T18:52:01.2395243Z","INCLUDE"
"Solar cell","Electrical","File:FX-77.JPG","Public domain","Sergei Frolov , Soviet Calculators Collection","https://commons.wikimedia.org/wiki/File:FX-77.JPG","https://upload.wikimedia.org/wikipedia/commons/4/4f/FX-77.JPG?utm_source=en.wikipedia.org&utm_campaign=imageinfo&utm_content=original","15cb509096948971427ddf4b250ed9b57c80a063","15cb509096948971427ddf4b250ed9b57c80a063","WikiProject_v0.5/xowa_app_windows_64_v4.6.12.2009/file/commons.wikimedia.org/orig/4/f/2/f/FX-77.JPG","79038","2026-08-10T18:52:00.4743981Z","INCLUDE"
"Ear","Medicine","File:G1. Otic placode (V07a).png","CC BY-SA 4.0","Parexocoetus","https://commons.wikimedia.org/wiki/File:G1._Otic_placode_(V07a).png","https://upload.wikimedia.org/wikipedia/commons/3/3a/G1._Otic_placode_%28V07a%29.png?utm_source=en.wikipedia.org&utm_campaign=imageinfo&utm_content=original","5f3eec1c98e7eddba9283908d20991f253f6460f","5f3eec1c98e7eddba9283908d20991f253f6460f","WikiProject_v0.5/xowa_app_windows_64_v4.6.12.2009/file/commons.wikimedia.org/orig/3/a/8/0/G1._Otic_placode_(V07a).png","34131","2026-08-10T18:51:36.9207303Z","INCLUDE"
"Corrosion","Engineering","File:Galvanized surface.jpg","Public domain","The original uploader was Splarka at English Wikipedia .","https://commons.wikimedia.org/wiki/File:Galvanized_surface.jpg","https://commons.wikimedia.org/wiki/Special:Redirect/file/Galvanized%20surface.jpg","04188432751b772c2832a6067a6bdf2c6d7349b1","04188432751b772c2832a6067a6bdf2c6d7349b1","WikiProject_v0.5/xowa_app_windows_64_v4.6.12.2009/file/commons.wikimedia.org/orig/0/3/8/9/Galvanized_surface.jpg","202639","2026-08-10T18:52:02.5351589Z","INCLUDE"
"Human digestive system","Medicine","File:Gastro-intestinal tract.png","Public domain","Edelhart Kempeneers","https://commons.wikimedia.org/wiki/File:Gastro-intestinal_tract.png","https://upload.wikimedia.org/wikipedia/commons/e/e9/Gastro-intestinal_tract.png?utm_source=en.wikipedia.org&utm_campaign=imageinfo&utm_content=original","5b43656489e28bb32e6d48bd19df3c7a7b154b5f","5b43656489e28bb32e6d48bd19df3c7a7b154b5f","WikiProject_v0.5/xowa_app_windows_64_v4.6.12.2009/file/commons.wikimedia.org/orig/e/9/e/7/Gastro-intestinal_tract.png","99372","2026-08-10T18:51:38.3880936Z","INCLUDE"
"Nervous system","Medicine","File:Gastropod nervous system.gif","CC BY-SA 3.0","Anaxial","https://commons.wikimedia.org/wiki/File:Gastropod_nervous_system.gif","https://upload.wikimedia.org/wikipedia/commons/d/d2/Gastropod_nervous_system.gif?utm_source=en.wikipedia.org&utm_campaign=imageinfo&utm_content=original","0fb3ba9c07f191761e749257351bb908d860cb9c","0fb3ba9c07f191761e749257351bb908d860cb9c","WikiProject_v0.5/xowa_app_windows_64_v4.6.12.2009/file/commons.wikimedia.org/orig/d/2/f/7/Gastropod_nervous_system.gif","7277","2026-08-10T18:51:38.9896964Z","INCLUDE"
"Gear train","Engineering","File:Gears animation.gif","Public domain","OSHA Directorate of Technical Support and Emergency Management","https://commons.wikimedia.org/wiki/File:Gears_animation.gif","https://upload.wikimedia.org/wikipedia/commons/1/14/Gears_animation.gif?utm_source=en.wikipedia.org&utm_campaign=imageinfo&utm_content=original","c483aee29ea5bc7fba74c313c6b7285c7bb421bd","c483aee29ea5bc7fba74c313c6b7285c7bb421bd","WikiProject_v0.5/xowa_app_windows_64_v4.6.12.2009/file/commons.wikimedia.org/orig/1/4/9/f/Gears_animation.gif","54166","2026-08-10T18:51:40.3432701Z","INCLUDE"
"Gear train","Engineering","File:Gears large.jpg","CC BY-SA 3.0","Jared C. Benedict (user Redjar )","https://commons.wikimedia.org/wiki/File:Gears_large.jpg","https://upload.wikimedia.org/wikipedia/commons/4/42/Gears_large.jpg?utm_source=en.wikipedia.org&utm_campaign=imageinfo&utm_content=original","22fda4755a122542f3ab4ed7044f6336b428ed4d","22fda4755a122542f3ab4ed7044f6336b428ed4d","WikiProject_v0.5/xowa_app_windows_64_v4.6.12.2009/file/commons.wikimedia.org/orig/4/2/4/a/Gears_large.jpg","40670","2026-08-10T18:51:40.3443090Z","INCLUDE"
"Lyme disease","Medicine","File:Geographical distribution of reported Lyme Disease cases.png","GFDL","Vice regent at en.wikipedia","https://commons.wikimedia.org/wiki/File:Geographical_distribution_of_reported_Lyme_Disease_cases.png","https://commons.wikimedia.org/wiki/Special:Redirect/file/Geographical%20distribution%20of%20reported%20Lyme%20Disease%20cases.png","f93f1b93163c11ace0f339e25720feeb6088bdc2","f93f1b93163c11ace0f339e25720feeb6088bdc2","WikiProject_v0.5/xowa_app_windows_64_v4.6.12.2009/file/commons.wikimedia.org/orig/7/f/1/3/Geographical_distribution_of_reported_Lyme_Disease_cases.png","36030","2026-08-10T18:52:01.2415303Z","EXCLUDE_LICENSE_REVIEW"
"Human digestive system","Medicine","File:GI normal.jpg","Public domain","National Cancer Institute","https://commons.wikimedia.org/wiki/File:GI_normal.jpg","https://upload.wikimedia.org/wikipedia/commons/thumb/3/39/GI_normal.jpg/1920px-GI_normal.jpg?utm_source=en.wikipedia.org&utm_campaign=imageinfo&utm_content=thumbnail","fe16332c5b205f13443cfcbc574b6eba6396e74e","fe16332c5b205f13443cfcbc574b6eba6396e74e","WikiProject_v0.5/xowa_app_windows_64_v4.6.12.2009/file/commons.wikimedia.org/orig/3/9/6/5/GI_normal.jpg","307050","2026-08-10T18:51:38.3901773Z","INCLUDE"
"Respiratory system","Medicine","File:Gills (esox).jpg","CC BY-SA 3.0","User:Uwe Gille","https://commons.wikimedia.org/wiki/File:Gills_(esox).jpg","https://upload.wikimedia.org/wikipedia/commons/e/e6/Gills_%28esox%29.jpg?utm_source=en.wikipedia.org&utm_campaign=imageinfo&utm_content=original","1ae8701c4f6efe685bb0f6b34224f1e350dbd9ae","1ae8701c4f6efe685bb0f6b34224f1e350dbd9ae","WikiProject_v0.5/xowa_app_windows_64_v4.6.12.2009/file/commons.wikimedia.org/orig/e/6/d/b/Gills_(esox).jpg","380225","2026-08-10T18:51:39.4400500Z","INCLUDE"
"Gingivitis","Medicine","File:Gingivitis (crop).jpg","CC BY-SA 3.0","Lesion","https://commons.wikimedia.org/wiki/File:Gingivitis_(crop).jpg","https://commons.wikimedia.org/wiki/Special:Redirect/file/Gingivitis%20(crop).jpg","f5281d6dc6f63f122c53c20d65f64c83bccea1af","f5281d6dc6f63f122c53c20d65f64c83bccea1af","WikiProject_v0.5/xowa_app_windows_64_v4.6.12.2009/file/commons.wikimedia.org/orig/1/7/d/1/Gingivitis_(crop).jpg","31543","2026-08-10T18:52:01.2415303Z","INCLUDE"
"Gingivitis","Medicine","File:Gingivitis-before-and-after-3.jpg","CC0","Onetimeuseaccount","https://commons.wikimedia.org/wiki/File:Gingivitis-before-and-after-3.jpg","https://commons.wikimedia.org/wiki/Special:Redirect/file/Gingivitis-before-and-after-3.jpg?width=2400","cba154788c0f8ef1701014b3322c46a9461b20ac","cba154788c0f8ef1701014b3322c46a9461b20ac","WikiProject_v0.5/xowa_app_windows_64_v4.6.12.2009/file/commons.wikimedia.org/orig/b/a/5/e/Gingivitis-before-and-after-3.jpg","1942614","2026-08-10T18:52:01.2415303Z","INCLUDE"
"Airway management","Medicine","File:Glidescope 02.JPG","CC BY 3.0","Own work by DiverDave ( talk ) (Transfered by PhilippN /Original uploaded by DiverDave )","https://commons.wikimedia.org/wiki/File:Glidescope_02.JPG","https://upload.wikimedia.org/wikipedia/commons/thumb/3/36/Glidescope_02.JPG/1920px-Glidescope_02.JPG?utm_source=en.wikipedia.org&utm_campaign=imageinfo&utm_content=thumbnail","c973da9a7fb23a38566563d69143480818b39e4a","c973da9a7fb23a38566563d69143480818b39e4a","WikiProject_v0.5/xowa_app_windows_64_v4.6.12.2009/file/commons.wikimedia.org/orig/3/6/8/a/Glidescope_02.JPG","434971","2026-08-10T18:51:36.9207303Z","INCLUDE"
"Airway management","Medicine","File:Global thinking.svg","Public domain","Benjamin D. Esham ( bdesham )","https://commons.wikimedia.org/wiki/File:Global_thinking.svg","https://upload.wikimedia.org/wikipedia/commons/4/41/Global_thinking.svg?utm_source=en.wikipedia.org&utm_campaign=imageinfo&utm_content=original","43cc6b30e0eb9264db82888f3871ebcd37608b0a","43cc6b30e0eb9264db82888f3871ebcd37608b0a","WikiProject_v0.5/xowa_app_windows_64_v4.6.12.2009/file/commons.wikimedia.org/orig/4/1/c/2/Global_thinking.svg","37793","2026-08-10T18:51:35.8442683Z","INCLUDE"
"Corrosion","Engineering","File:GoldNuggetUSGOV.jpg","Public domain","Unknown author Unknown author","https://commons.wikimedia.org/wiki/File:GoldNuggetUSGOV.jpg","https://commons.wikimedia.org/wiki/Special:Redirect/file/GoldNuggetUSGOV.jpg","3f6bbe0b76ce92a37c4a445c516d77f469f888de","3f6bbe0b76ce92a37c4a445c516d77f469f888de","WikiProject_v0.5/xowa_app_windows_64_v4.6.12.2009/file/commons.wikimedia.org/orig/5/b/7/7/GoldNuggetUSGOV.jpg","24289","2026-08-10T18:52:02.5351589Z","INCLUDE"
"Vertebral column","Medicine","File:Gray 111 - Vertebral column-coloured.png","Public domain","Henry Vandyke Carter","https://commons.wikimedia.org/wiki/File:Gray_111_-_Vertebral_column-coloured.png","https://upload.wikimedia.org/wikipedia/commons/5/54/Gray_111_-_Vertebral_column-coloured.png?utm_source=en.wikipedia.org&utm_campaign=imageinfo&utm_content=original","09f474cb40e4c7b2907130c7c8f4d916e5030942","09f474cb40e4c7b2907130c7c8f4d916e5030942","WikiProject_v0.5/xowa_app_windows_64_v4.6.12.2009/file/commons.wikimedia.org/orig/5/4/b/a/Gray_111_-_Vertebral_column-coloured.png","63878","2026-08-10T18:51:39.8342931Z","INCLUDE"
"Human digestive system","Medicine","File:Gray1015.png","Public domain","Henry Vandyke Carter","https://commons.wikimedia.org/wiki/File:Gray1015.png","https://upload.wikimedia.org/wikipedia/commons/6/6c/Gray1015.png?utm_source=en.wikipedia.org&utm_campaign=imageinfo&utm_content=original","92ccd592887efc78eed0eb8626140ddf980da020","92ccd592887efc78eed0eb8626140ddf980da020","WikiProject_v0.5/xowa_app_windows_64_v4.6.12.2009/file/commons.wikimedia.org/orig/6/c/0/d/Gray1015.png","31968","2026-08-10T18:51:37.7628254Z","INCLUDE"
"Human brain","Medicine","File:Gray653.png","Public domain","Henry Vandyke Carter","https://commons.wikimedia.org/wiki/File:Gray653.png","https://upload.wikimedia.org/wikipedia/commons/a/a1/Gray653.png?utm_source=en.wikipedia.org&utm_campaign=imageinfo&utm_content=original","b62b447563e02089f91bcca23fa01d8b0cc6b590","b62b447563e02089f91bcca23fa01d8b0cc6b590","WikiProject_v0.5/xowa_app_windows_64_v4.6.12.2009/file/commons.wikimedia.org/orig/a/1/8/8/Gray653.png","53285","2026-08-10T18:51:37.7607392Z","INCLUDE"
"Spinal cord","Medicine","File:Gray663.png","Public domain","Henry Vandyke Carter","https://commons.wikimedia.org/wiki/File:Gray663.png","https://upload.wikimedia.org/wikipedia/commons/6/68/Gray663.png?utm_source=en.wikipedia.org&utm_campaign=imageinfo&utm_content=original","05c2442de320f100f1e0c59be179a0ef1aeb7866","05c2442de320f100f1e0c59be179a0ef1aeb7866","WikiProject_v0.5/xowa_app_windows_64_v4.6.12.2009/file/commons.wikimedia.org/orig/6/8/b/4/Gray663.png","13318","2026-08-10T18:51:39.8322841Z","INCLUDE"
"Spinal cord","Medicine","File:Gray664.png","Public domain","Henry Vandyke Carter","https://commons.wikimedia.org/wiki/File:Gray664.png","https://upload.wikimedia.org/wikipedia/commons/f/f8/Gray664.png?utm_source=en.wikipedia.org&utm_campaign=imageinfo&utm_content=original","93d93e052823c2d78806c9e955c8c9525f120bf1","93d93e052823c2d78806c9e955c8c9525f120bf1","WikiProject_v0.5/xowa_app_windows_64_v4.6.12.2009/file/commons.wikimedia.org/orig/f/8/e/9/Gray664.png","53281","2026-08-10T18:51:39.8322841Z","INCLUDE"
"Human brain","Medicine","File:Gray739.png","Public domain","Henry Vandyke Carter","https://commons.wikimedia.org/wiki/File:Gray739.png","https://upload.wikimedia.org/wikipedia/commons/9/96/Gray739.png?utm_source=en.wikipedia.org&utm_campaign=imageinfo&utm_content=original","ffbdee73f23183d56da0ae3b1d2679c3ea4fead8","ffbdee73f23183d56da0ae3b1d2679c3ea4fead8","WikiProject_v0.5/xowa_app_windows_64_v4.6.12.2009/file/commons.wikimedia.org/orig/9/6/2/0/Gray739.png","190024","2026-08-10T18:51:37.7607392Z","INCLUDE"
"Skin","Medicine","File:Gray940.png","Public domain","Henry Vandyke Carter","https://commons.wikimedia.org/wiki/File:Gray940.png","https://upload.wikimedia.org/wikipedia/commons/1/18/Gray940.png?utm_source=en.wikipedia.org&utm_campaign=imageinfo&utm_content=original","96eb58121c937835bacffc2ce1d098e70f24e33d","96eb58121c937835bacffc2ce1d098e70f24e33d","WikiProject_v0.5/xowa_app_windows_64_v4.6.12.2009/file/commons.wikimedia.org/orig/1/8/f/6/Gray940.png","117093","2026-08-10T18:51:39.4400500Z","INCLUDE"
"Skin","Medicine","File:Gray942.png","Public domain","Henry Vandyke Carter","https://commons.wikimedia.org/wiki/File:Gray942.png","https://upload.wikimedia.org/wikipedia/commons/e/ef/Gray942.png?utm_source=en.wikipedia.org&utm_campaign=imageinfo&utm_content=original","40e170f9e0432c8b22ffa0bd37555775926ab7c7","40e170f9e0432c8b22ffa0bd37555775926ab7c7","WikiProject_v0.5/xowa_app_windows_64_v4.6.12.2009/file/commons.wikimedia.org/orig/e/f/6/d/Gray942.png","56165","2026-08-10T18:51:39.4410545Z","INCLUDE"
"Human digestive system","Medicine","File:Gray958.png","Public domain","Henry Vandyke Carter","https://commons.wikimedia.org/wiki/File:Gray958.png","https://upload.wikimedia.org/wikipedia/commons/e/e2/Gray958.png?utm_source=en.wikipedia.org&utm_campaign=imageinfo&utm_content=original","72b194fc23c7d34f6b0068af2ddc5a7459566d03","72b194fc23c7d34f6b0068af2ddc5a7459566d03","WikiProject_v0.5/xowa_app_windows_64_v4.6.12.2009/file/commons.wikimedia.org/orig/e/2/3/e/Gray958.png","40995","2026-08-10T18:51:37.7628254Z","INCLUDE"
"Dental caries","Medicine","File:GV-BLACK.JPG","Public domain","Jessr6544 ( Jessr65444 )","https://commons.wikimedia.org/wiki/File:GV-BLACK.JPG","https://commons.wikimedia.org/wiki/Special:Redirect/file/GV-BLACK.JPG","e47762f70a335d439f597924dcf32c636be935bd","e47762f70a335d439f597924dcf32c636be935bd","WikiProject_v0.5/xowa_app_windows_64_v4.6.12.2009/file/commons.wikimedia.org/orig/d/b/6/0/GV-BLACK.JPG","59610","2026-08-10T18:52:01.2395243Z","INCLUDE"
"Power supply","Electrical","File:Hameg Power Supplies.jpg","Public domain","Theoprakt","https://commons.wikimedia.org/wiki/File:Hameg_Power_Supplies.jpg","https://upload.wikimedia.org/wikipedia/commons/thumb/6/65/Hameg_Power_Supplies.jpg/1920px-Hameg_Power_Supplies.jpg?utm_source=en.wikipedia.org&utm_campaign=imageinfo&utm_content=thumbnail","64fddb4c8b249ce61e125d0bd519c3d712e2786e","64fddb4c8b249ce61e125d0bd519c3d712e2786e","WikiProject_v0.5/xowa_app_windows_64_v4.6.12.2009/file/commons.wikimedia.org/orig/6/5/f/6/Hameg_Power_Supplies.jpg","577523","2026-08-10T18:52:00.4743981Z","INCLUDE"
"Pump","Engineering","File:Hand pump-en.svg","CC BY-SA 3.0","Manco Capac","https://commons.wikimedia.org/wiki/File:Hand_pump-en.svg","https://upload.wikimedia.org/wikipedia/commons/e/e4/Hand_pump-en.svg?utm_source=en.wikipedia.org&utm_campaign=imageinfo&utm_content=original","50bde2bb9fec72774270553d15cd1258b2522b14","50bde2bb9fec72774270553d15cd1258b2522b14","WikiProject_v0.5/xowa_app_windows_64_v4.6.12.2009/file/commons.wikimedia.org/orig/e/4/6/9/Hand_pump-en.svg","211686","2026-08-10T18:52:00.0124981Z","INCLUDE"
"Cellulitis","Medicine","File:Hand with cellulitis following upon a poisoned wound Wellcome L0062186.jpg","CC BY 4.0","Godart, Thomas","https://commons.wikimedia.org/wiki/File:Hand_with_cellulitis_following_upon_a_poisoned_wound_Wellcome_L0062186.jpg","https://commons.wikimedia.org/wiki/Special:Redirect/file/Hand%20with%20cellulitis%20following%20upon%20a%20poisoned%20wound%20Wellcome%20L0062186.jpg?width=2400","7040f4a53bcb187f987d79df17d0aafebf66028f","7040f4a53bcb187f987d79df17d0aafebf66028f","WikiProject_v0.5/xowa_app_windows_64_v4.6.12.2009/file/commons.wikimedia.org/orig/6/3/b/0/Hand_with_cellulitis_following_upon_a_poisoned_wound_Wellcome_L0062186.jpg","2571505","2026-08-10T18:52:00.8470107Z","INCLUDE"
"Radiography","Medicine","File:Hand Xray (48630648876).jpg","Public domain","U.S. Department of Energy from United States","https://commons.wikimedia.org/wiki/File:Hand_Xray_(48630648876).jpg","https://commons.wikimedia.org/wiki/Special:Redirect/file/Hand%20Xray%20(48630648876).jpg?width=2400","b5dacc16d76000fa0ec9f5dc5e458dc3f68634a4","b5dacc16d76000fa0ec9f5dc5e458dc3f68634a4","WikiProject_v0.5/xowa_app_windows_64_v4.6.12.2009/file/commons.wikimedia.org/orig/6/f/a/d/Hand_Xray_(48630648876).jpg","4656540","2026-08-10T18:52:01.7506589Z","INCLUDE"
"Burn","Medicine","File:Hand2ndburn.jpg","CC BY-SA 3.0","Kronoman ( talk )","https://commons.wikimedia.org/wiki/File:Hand2ndburn.jpg","https://upload.wikimedia.org/wikipedia/commons/8/87/Hand2ndburn.jpg?utm_source=en.wikipedia.org&utm_campaign=imageinfo&utm_content=original","db4edb9759e8b73fac7c33f28ccb181b5a4f4ab8","db4edb9759e8b73fac7c33f28ccb181b5a4f4ab8","WikiProject_v0.5/xowa_app_windows_64_v4.6.12.2009/file/commons.wikimedia.org/orig/8/7/7/1/Hand2ndburn.jpg","14211","2026-08-10T18:51:36.4038402Z","INCLUDE"
"Heat illness","Medicine","File:Heat stroke treatment, Baton Rouge, 2016 Louisiana floods.jpg","CC BY 2.0","The National Guard","https://commons.wikimedia.org/wiki/File:Heat_stroke_treatment,_Baton_Rouge,_2016_Louisiana_floods.jpg","https://upload.wikimedia.org/wikipedia/commons/1/1d/Heat_stroke_treatment%2C_Baton_Rouge%2C_2016_Louisiana_floods.jpg?utm_source=en.wikipedia.org&utm_campaign=imageinfo&utm_content=original","9fcad471734d132996434fdb8831da02be61ef8e","9fcad471734d132996434fdb8831da02be61ef8e","WikiProject_v0.5/xowa_app_windows_64_v4.6.12.2009/file/commons.wikimedia.org/orig/1/d/9/d/Heat_stroke_treatment,_Baton_Rouge,_2016_Louisiana_floods.jpg","498022","2026-08-10T18:51:37.7591852Z","INCLUDE"
"Shingles","Medicine","File:Herpes zoster ophthalmicus.2.jpg","CC BY-SA 3.0","User:Milorad Dimic MD","https://commons.wikimedia.org/wiki/File:Herpes_zoster_ophthalmicus.2.jpg","https://commons.wikimedia.org/wiki/Special:Redirect/file/Herpes%20zoster%20ophthalmicus.2.jpg","3c8782dbea4174e900fb6347acc3142281eb6fc4","3c8782dbea4174e900fb6347acc3142281eb6fc4","WikiProject_v0.5/xowa_app_windows_64_v4.6.12.2009/file/commons.wikimedia.org/orig/5/7/8/a/Herpes_zoster_ophthalmicus.2.jpg","266844","2026-08-10T18:52:02.1291766Z","INCLUDE"
"Lyme disease","Medicine","File:High Tick Density Sign.jpg","CC BY-SA 4.0","Gogerr","https://commons.wikimedia.org/wiki/File:High_Tick_Density_Sign.jpg","https://commons.wikimedia.org/wiki/Special:Redirect/file/High%20Tick%20Density%20Sign.jpg?width=2400","b186f135d241bc0983edfbc14ded091b212cab33","b186f135d241bc0983edfbc14ded091b212cab33","WikiProject_v0.5/xowa_app_windows_64_v4.6.12.2009/file/commons.wikimedia.org/orig/9/a/1/5/High_Tick_Density_Sign.jpg","1154360","2026-08-10T18:52:01.2415303Z","INCLUDE"
"Measles","Medicine","File:Hilleman-Walter-Reed.jpeg","Public domain","Walter Reed Army Medical Center","https://commons.wikimedia.org/wiki/File:Hilleman-Walter-Reed.jpeg","https://commons.wikimedia.org/wiki/Special:Redirect/file/Hilleman-Walter-Reed.jpeg","1dd2964bb648a3e679141c2a367b012b14601d98","1dd2964bb648a3e679141c2a367b012b14601d98","WikiProject_v0.5/xowa_app_windows_64_v4.6.12.2009/file/commons.wikimedia.org/orig/1/c/f/8/Hilleman-Walter-Reed.jpeg","235678","2026-08-10T18:52:01.7466415Z","INCLUDE"
"Vertebral column","Medicine","File:Horse anatomy.svg","CC BY-SA 3.0","Wikipedian Prolific , vectorization process by Wilfredor","https://commons.wikimedia.org/wiki/File:Horse_anatomy.svg","https://upload.wikimedia.org/wikipedia/commons/2/21/Horse_anatomy.svg?utm_source=en.wikipedia.org&utm_campaign=imageinfo&utm_content=original","53412aed9042dbf81f770c7ba94312a7a5683950","53412aed9042dbf81f770c7ba94312a7a5683950","WikiProject_v0.5/xowa_app_windows_64_v4.6.12.2009/file/commons.wikimedia.org/orig/2/1/3/1/Horse_anatomy.svg","150738","2026-08-10T18:51:39.8342931Z","INCLUDE"
"Nervous system","Medicine","File:Human nervous system flowchart.png","CC BY-SA 3.0","Laura Guerin / CK-12 Foundation","https://commons.wikimedia.org/wiki/File:Human_nervous_system_flowchart.png","https://upload.wikimedia.org/wikipedia/commons/b/bc/Human_nervous_system_flowchart.png?utm_source=en.wikipedia.org&utm_campaign=imageinfo&utm_content=original","c08b1f9e7f4bfdb486e085f0aa50ae8a55e9a672","c08b1f9e7f4bfdb486e085f0aa50ae8a55e9a672","WikiProject_v0.5/xowa_app_windows_64_v4.6.12.2009/file/commons.wikimedia.org/orig/b/c/5/a/Human_nervous_system_flowchart.png","125781","2026-08-10T18:51:38.9967071Z","INCLUDE"
"Pregnancy","Medicine","File:HumanEmbryogenesis.svg","CC BY-SA 3.0","Zephyris","https://commons.wikimedia.org/wiki/File:HumanEmbryogenesis.svg","https://upload.wikimedia.org/wikipedia/commons/0/06/HumanEmbryogenesis.svg?utm_source=en.wikipedia.org&utm_campaign=imageinfo&utm_content=original","f1b421dc02a7c091222aec8df73e9d3d0b5aaf35","f1b421dc02a7c091222aec8df73e9d3d0b5aaf35","WikiProject_v0.5/xowa_app_windows_64_v4.6.12.2009/file/commons.wikimedia.org/orig/0/6/7/3/HumanEmbryogenesis.svg","700834","2026-08-10T18:51:39.4379406Z","INCLUDE"
"Human skeleton","Medicine","File:Human-Skeleton.jpg","CC0","Sklmsta","https://commons.wikimedia.org/wiki/File:Human-Skeleton.jpg","https://upload.wikimedia.org/wikipedia/commons/1/14/Human-Skeleton.jpg?utm_source=en.wikipedia.org&utm_campaign=imageinfo&utm_content=original","db309f4de75400fab7031f0f779fcd7394d4d885","db309f4de75400fab7031f0f779fcd7394d4d885","WikiProject_v0.5/xowa_app_windows_64_v4.6.12.2009/file/commons.wikimedia.org/orig/1/4/6/f/Human-Skeleton.jpg","107133","2026-08-10T18:51:38.3942744Z","INCLUDE"
"Abscess","Medicine","File:HumeralAbscess.jpg","CC BY-SA 3.0","Guyprocter","https://commons.wikimedia.org/wiki/File:HumeralAbscess.jpg","https://commons.wikimedia.org/wiki/Special:Redirect/file/HumeralAbscess.jpg","ebaced3c2408b949d2f2fac4b8f0b5d72dbae880","ebaced3c2408b949d2f2fac4b8f0b5d72dbae880","WikiProject_v0.5/xowa_app_windows_64_v4.6.12.2009/file/commons.wikimedia.org/orig/2/c/f/6/HumeralAbscess.jpg","254444","2026-08-10T18:52:00.8470107Z","INCLUDE"
"Hypothermia","Medicine","File:Hypothermia Training, Marine Mountain Warfare Center, California USA.jpg","CC BY-SA 4.0","Adorabutton","https://commons.wikimedia.org/wiki/File:Hypothermia_Training,_Marine_Mountain_Warfare_Center,_California_USA.jpg","https://upload.wikimedia.org/wikipedia/commons/f/f1/Hypothermia_Training%2C_Marine_Mountain_Warfare_Center%2C_California_USA.jpg?utm_source=en.wikipedia.org&utm_campaign=imageinfo&utm_content=original","49f38bbfc2dc9f5eb6dab23e40e955ef18675f72","49f38bbfc2dc9f5eb6dab23e40e955ef18675f72","WikiProject_v0.5/xowa_app_windows_64_v4.6.12.2009/file/commons.wikimedia.org/orig/f/1/8/0/Hypothermia_Training,_Marine_Mountain_Warfare_Center,_California_USA.jpg","37541","2026-08-10T18:51:38.3962891Z","INCLUDE"
"Respiratory system","Medicine","File:Illu quiz lung05.jpg","Public domain","","https://commons.wikimedia.org/wiki/File:Illu_quiz_lung05.jpg","https://upload.wikimedia.org/wikipedia/commons/d/df/Illu_quiz_lung05.jpg?utm_source=en.wikipedia.org&utm_campaign=imageinfo&utm_content=original","a063e6642a1455347b37fb816187bf4ad273a555","a063e6642a1455347b37fb816187bf4ad273a555","WikiProject_v0.5/xowa_app_windows_64_v4.6.12.2009/file/commons.wikimedia.org/orig/d/f/f/3/Illu_quiz_lung05.jpg","34402","2026-08-10T18:51:39.4400500Z","INCLUDE"
"Water purification","Public health","File:Illustration of a typical drinking water treatment process.png","CC BY-SA 3.0","CK-12 Foundation","https://commons.wikimedia.org/wiki/File:Illustration_of_a_typical_drinking_water_treatment_process.png","https://upload.wikimedia.org/wikipedia/commons/3/37/Illustration_of_a_typical_drinking_water_treatment_process.png?utm_source=en.wikipedia.org&utm_campaign=imageinfo&utm_content=original","12af1d9774ba651c3f45abf07f0628324f9d82dd","12af1d9774ba651c3f45abf07f0628324f9d82dd","WikiProject_v0.5/xowa_app_windows_64_v4.6.12.2009/file/commons.wikimedia.org/orig/3/7/3/a/Illustration_of_a_typical_drinking_water_treatment_process.png","307140","2026-08-10T18:51:39.8342931Z","INCLUDE"
"Impetigo","Medicine","File:Impetigo2020.jpg","CC BY-SA 4.0","James Heilman, MD","https://commons.wikimedia.org/wiki/File:Impetigo2020.jpg","https://commons.wikimedia.org/wiki/Special:Redirect/file/Impetigo2020.jpg?width=2400","d70174ad2f5201526f3ba744f97e1b6a9aa05ade","d70174ad2f5201526f3ba744f97e1b6a9aa05ade","WikiProject_v0.5/xowa_app_windows_64_v4.6.12.2009/file/commons.wikimedia.org/orig/a/4/3/4/Impetigo2020.jpg","1357685","2026-08-10T18:52:01.2415303Z","INCLUDE"
"Impetigo","Medicine","File:Impetigo-infected.jpg","CC BY-SA 3.0","Åsa Thörn","https://commons.wikimedia.org/wiki/File:Impetigo-infected.jpg","https://commons.wikimedia.org/wiki/Special:Redirect/file/Impetigo-infected.jpg","265f61987023d20983045aa6ce66e47d0d36e525","265f61987023d20983045aa6ce66e47d0d36e525","WikiProject_v0.5/xowa_app_windows_64_v4.6.12.2009/file/commons.wikimedia.org/orig/9/a/4/5/Impetigo-infected.jpg","814973","2026-08-10T18:52:01.2415303Z","INCLUDE"
"Human anatomy","Medicine","File:Internal organs.png","Public domain","Mikael Häggström . When using this image in external works, it may be cited as: Häggström, Mikael (2014). "" Medical gallery of Mikael Häggström 2014 "". WikiJournal of Medicine 1 (2). DOI : 10.15347/wjm/2014.008 . ISSN 2002-4436 . Public Domain . or By Mikael Häggström, used with permission.","https://commons.wikimedia.org/wiki/File:Internal_organs.png","https://upload.wikimedia.org/wikipedia/commons/thumb/d/d9/Internal_organs.png/1920px-Internal_organs.png?utm_source=en.wikipedia.org&utm_campaign=imageinfo&utm_content=thumbnail","9e3de6c37235c0bf7bcaafc0e7e98158206f3ec5","9e3de6c37235c0bf7bcaafc0e7e98158206f3ec5","WikiProject_v0.5/xowa_app_windows_64_v4.6.12.2009/file/commons.wikimedia.org/orig/d/9/3/d/Internal_organs.png","1692545","2026-08-10T18:51:37.7602162Z","INCLUDE"
"Airway management","Medicine","File:Intubasion boru.jpg","CC BY 3.0","Privatarchiv Foto von MrArifnajafov","https://commons.wikimedia.org/wiki/File:Intubasion_boru.jpg","https://upload.wikimedia.org/wikipedia/commons/thumb/3/38/Intubasion_boru.jpg/1920px-Intubasion_boru.jpg?utm_source=en.wikipedia.org&utm_campaign=imageinfo&utm_content=thumbnail","ef8bb4a355a97ed5f8256bb9918e208856870e43","ef8bb4a355a97ed5f8256bb9918e208856870e43","WikiProject_v0.5/xowa_app_windows_64_v4.6.12.2009/file/commons.wikimedia.org/orig/3/8/c/6/Intubasion_boru.jpg","514295","2026-08-10T18:51:36.9248601Z","INCLUDE"
"Lyme disease","Medicine","File:Ixodes-ricinus-life-cycle.jpg","CC BY-SA 3.0","Alan R Walker","https://commons.wikimedia.org/wiki/File:Ixodes-ricinus-life-cycle.jpg","https://commons.wikimedia.org/wiki/Special:Redirect/file/Ixodes-ricinus-life-cycle.jpg","e7dcdf3c52aefc0e51551cd55d869cc3864ac703","e7dcdf3c52aefc0e51551cd55d869cc3864ac703","WikiProject_v0.5/xowa_app_windows_64_v4.6.12.2009/file/commons.wikimedia.org/orig/2/0/f/d/Ixodes-ricinus-life-cycle.jpg","500114","2026-08-10T18:52:01.2415303Z","INCLUDE"
"Cardiopulmonary resuscitation","Medicine","File:JASDF Automatic cardiopulmonary resuscitation device at Komaki Air Base February 23, 2014.jpg","CC BY-SA 4.0","Hunini","https://commons.wikimedia.org/wiki/File:JASDF_Automatic_cardiopulmonary_resuscitation_device_at_Komaki_Air_Base_February_23,_2014.jpg","https://upload.wikimedia.org/wikipedia/commons/thumb/7/75/JASDF_Automatic_cardiopulmonary_resuscitation_device_at_Komaki_Air_Base_February_23%2C_2014.jpg/1920px-JASDF_Automatic_cardiopulmonary_resuscitation_device_at_Komaki_Air_Base_February_23%2C_2014.jpg?utm_source=en.wikipedia.org&utm_campaign=imageinfo&utm_content=thumbnail","e93da0765f69fdeffe82a732d318a816bf1491bd","e93da0765f69fdeffe82a732d318a816bf1491bd","WikiProject_v0.5/xowa_app_windows_64_v4.6.12.2009/file/commons.wikimedia.org/orig/7/5/b/d/JASDF_Automatic_cardiopulmonary_resuscitation_device_at_Komaki_Air_Base_February_23,_2014.jpg","933190","2026-08-10T18:51:36.4102649Z","INCLUDE"
"Airway management","Medicine","File:Jaw thrust maneuver.jpg","CC BY-SA 4.0","Randhillon","https://commons.wikimedia.org/wiki/File:Jaw_thrust_maneuver.jpg","https://upload.wikimedia.org/wikipedia/commons/thumb/7/79/Jaw_thrust_maneuver.jpg/1920px-Jaw_thrust_maneuver.jpg?utm_source=en.wikipedia.org&utm_campaign=imageinfo&utm_content=thumbnail","687e1f17555f664396117fc2d628e85215ab8a88","687e1f17555f664396117fc2d628e85215ab8a88","WikiProject_v0.5/xowa_app_windows_64_v4.6.12.2009/file/commons.wikimedia.org/orig/7/9/4/1/Jaw_thrust_maneuver.jpg","293627","2026-08-10T18:51:35.8463079Z","INCLUDE"
"Human musculoskeletal system","Medicine","File:Joint.svg","CC BY-SA 3.0","Madhero88","https://commons.wikimedia.org/wiki/File:Joint.svg","https://upload.wikimedia.org/wikipedia/commons/7/7f/Joint.svg?utm_source=en.wikipedia.org&utm_campaign=imageinfo&utm_content=original","0044ecd365bba7ffa3243f6034631426db83da2b","0044ecd365bba7ffa3243f6034631426db83da2b","WikiProject_v0.5/xowa_app_windows_64_v4.6.12.2009/file/commons.wikimedia.org/orig/7/f/3/3/Joint.svg","96955","2026-08-10T18:51:38.3922565Z","INCLUDE"
"Infection","Medicine","File:K pneumoniae M morganii providencia styphimuriuma.JPG","Public domain","User:Eukaryotica","https://commons.wikimedia.org/wiki/File:K_pneumoniae_M_morganii_providencia_styphimuriuma.JPG","https://upload.wikimedia.org/wikipedia/commons/b/b8/K_pneumoniae_M_morganii_providencia_styphimuriuma.JPG?utm_source=en.wikipedia.org&utm_campaign=imageinfo&utm_content=original","06d82040651ca34c536299820f0431de97fc577f","06d82040651ca34c536299820f0431de97fc577f","WikiProject_v0.5/xowa_app_windows_64_v4.6.12.2009/file/commons.wikimedia.org/orig/b/8/a/5/K_pneumoniae_M_morganii_providencia_styphimuriuma.JPG","103365","2026-08-10T18:51:38.9593854Z","INCLUDE"
"Measles","Medicine","File:Koplik spots, measles 6111 lores.jpg","Public domain","CDC","https://commons.wikimedia.org/wiki/File:Koplik_spots,_measles_6111_lores.jpg","https://commons.wikimedia.org/wiki/Special:Redirect/file/Koplik%20spots%2C%20measles%206111%20lores.jpg","104691d33fb6ae9ae4205c07f475769da22857f9","104691d33fb6ae9ae4205c07f475769da22857f9","WikiProject_v0.5/xowa_app_windows_64_v4.6.12.2009/file/commons.wikimedia.org/orig/6/b/b/1/Koplik_spots,_measles_6111_lores.jpg","117697","2026-08-10T18:52:01.7466415Z","INCLUDE"
"Childbirth","Medicine","File:La méthode kangourou Bébé Prématuré Laquinitinie Douala.jpg","CC BY-SA 4.0","Happi Raphael","https://commons.wikimedia.org/wiki/File:La_m%C3%A9thode_kangourou_B%C3%A9b%C3%A9_Pr%C3%A9matur%C3%A9_Laquinitinie_Douala.jpg","https://upload.wikimedia.org/wikipedia/commons/thumb/2/25/La_m%C3%A9thode_kangourou_B%C3%A9b%C3%A9_Pr%C3%A9matur%C3%A9_Laquinitinie_Douala.jpg/1920px-La_m%C3%A9thode_kangourou_B%C3%A9b%C3%A9_Pr%C3%A9matur%C3%A9_Laquinitinie_Douala.jpg?utm_source=en.wikipedia.org&utm_campaign=imageinfo&utm_content=thumbnail","182b3aa34b22015dffe302386f1014ae34d8cad4","182b3aa34b22015dffe302386f1014ae34d8cad4","WikiProject_v0.5/xowa_app_windows_64_v4.6.12.2009/file/commons.wikimedia.org/orig/2/5/c/5/La_méthode_kangourou_Bébé_Prématuré_Laquinitinie_Douala.jpg","431561","2026-08-10T18:51:36.4128601Z","INCLUDE"
"Airway management","Medicine","File:Larynx external en.svg","CC BY-SA 2.5","Olek Remesz (wiki-pl: Orem , commons: Orem )","https://commons.wikimedia.org/wiki/File:Larynx_external_en.svg","https://upload.wikimedia.org/wikipedia/commons/8/8a/Larynx_external_en.svg?utm_source=en.wikipedia.org&utm_campaign=imageinfo&utm_content=original","30019e1dfc693801a60722ae39c79a3dd1be0308","30019e1dfc693801a60722ae39c79a3dd1be0308","WikiProject_v0.5/xowa_app_windows_64_v4.6.12.2009/file/commons.wikimedia.org/orig/8/a/1/a/Larynx_external_en.svg","41062","2026-08-10T18:51:36.9248601Z","INCLUDE"
"Vertebral column","Medicine","File:Lateral lumbar x ray.jpg","CC BY-SA 4.0","FitBro","https://commons.wikimedia.org/wiki/File:Lateral_lumbar_x_ray.jpg","https://upload.wikimedia.org/wikipedia/commons/thumb/3/34/Lateral_lumbar_x_ray.jpg/1920px-Lateral_lumbar_x_ray.jpg?utm_source=en.wikipedia.org&utm_campaign=imageinfo&utm_content=thumbnail","4cd8cdbb4f54efe57b3416377ddff89b7fd9629c","4cd8cdbb4f54efe57b3416377ddff89b7fd9629c","WikiProject_v0.5/xowa_app_windows_64_v4.6.12.2009/file/commons.wikimedia.org/orig/3/4/e/7/Lateral_lumbar_x_ray.jpg","285242","2026-08-10T18:51:39.8342931Z","INCLUDE"
"Inclined plane","Engineering","File:Ledo Burma Roads Assam-Burma-China.gif","Public domain","Department of Defense, Department of the Army.","https://commons.wikimedia.org/wiki/File:Ledo_Burma_Roads_Assam-Burma-China.gif","https://upload.wikimedia.org/wikipedia/commons/a/a0/Ledo_Burma_Roads_Assam-Burma-China.gif?utm_source=en.wikipedia.org&utm_campaign=imageinfo&utm_content=original","ace59018789dfe92ec7a3d160f23c9ec731a444e","ace59018789dfe92ec7a3d160f23c9ec731a444e","WikiProject_v0.5/xowa_app_windows_64_v4.6.12.2009/file/commons.wikimedia.org/orig/a/0/c/8/Ledo_Burma_Roads_Assam-Burma-China.gif","104682","2026-08-10T18:51:40.3506631Z","INCLUDE"
"Electricity","Electrical","File:Lichtbogen 3000 Volt.jpg","CC BY 3.0","Achim Grochowski -- Achgro","https://commons.wikimedia.org/wiki/File:Lichtbogen_3000_Volt.jpg","https://upload.wikimedia.org/wikipedia/commons/f/f8/Lichtbogen_3000_Volt.jpg?utm_source=en.wikipedia.org&utm_campaign=imageinfo&utm_content=original","6414a1f1ec9f6331a0015a49a99530f0a2005075","6414a1f1ec9f6331a0015a49a99530f0a2005075","WikiProject_v0.5/xowa_app_windows_64_v4.6.12.2009/file/commons.wikimedia.org/orig/f/8/2/3/Lichtbogen_3000_Volt.jpg","21799","2026-08-10T18:52:00.0145550Z","INCLUDE"
"Pregnancy","Medicine","File:Linea nigra, March 13th (cropped).jpg","CC BY 2.0","Daniel Lobo","https://commons.wikimedia.org/wiki/File:Linea_nigra,_March_13th_(cropped).jpg","https://upload.wikimedia.org/wikipedia/commons/thumb/9/9a/Linea_nigra%2C_March_13th_%28cropped%29.jpg/1920px-Linea_nigra%2C_March_13th_%28cropped%29.jpg?utm_source=en.wikipedia.org&utm_campaign=imageinfo&utm_content=thumbnail","211a2c8ab64da4cc8982bb06eb621c0fc5a33bbd","211a2c8ab64da4cc8982bb06eb621c0fc5a33bbd","WikiProject_v0.5/xowa_app_windows_64_v4.6.12.2009/file/commons.wikimedia.org/orig/9/a/d/1/Linea_nigra,_March_13th_(cropped).jpg","422614","2026-08-10T18:51:39.4379406Z","INCLUDE"
"Poisoning","Medicine","File:Lock Away Danger in Your Home (21247619354).jpg","CC BY-SA 2.0","Archives New Zealand from New Zealand","https://commons.wikimedia.org/wiki/File:Lock_Away_Danger_in_Your_Home_(21247619354).jpg","https://upload.wikimedia.org/wikipedia/commons/thumb/6/6e/Lock_Away_Danger_in_Your_Home_%2821247619354%29.jpg/1920px-Lock_Away_Danger_in_Your_Home_%2821247619354%29.jpg?utm_source=en.wikipedia.org&utm_campaign=imageinfo&utm_content=thumbnail","d577bbce892c48805621303c3b0daf477b52e2c7","d577bbce892c48805621303c3b0daf477b52e2c7","WikiProject_v0.5/xowa_app_windows_64_v4.6.12.2009/file/commons.wikimedia.org/orig/6/e/2/5/Lock_Away_Danger_in_Your_Home_(21247619354).jpg","1021770","2026-08-10T18:51:39.0082825Z","INCLUDE"
"Respiratory system","Medicine","File:Lungvolumes Updated.png","CC BY-SA 3.0","Kapwatt","https://commons.wikimedia.org/wiki/File:Lungvolumes_Updated.png","https://upload.wikimedia.org/wikipedia/commons/1/16/Lungvolumes_Updated.png?utm_source=en.wikipedia.org&utm_campaign=imageinfo&utm_content=original","6b86ccccb350e3980bc390a7d267d6662f9b4ecb","6b86ccccb350e3980bc390a7d267d6662f9b4ecb","WikiProject_v0.5/xowa_app_windows_64_v4.6.12.2009/file/commons.wikimedia.org/orig/1/6/b/6/Lungvolumes_Updated.png","80047","2026-08-10T18:51:39.4400500Z","INCLUDE"
"Childbirth","Medicine","File:Lurestan Fibula (4484325444).jpg","CC BY-SA 2.0","dynamosquito from France","https://commons.wikimedia.org/wiki/File:Lurestan_Fibula_(4484325444).jpg","https://upload.wikimedia.org/wikipedia/commons/thumb/0/0c/Lurestan_Fibula_%284484325444%29.jpg/1920px-Lurestan_Fibula_%284484325444%29.jpg?utm_source=en.wikipedia.org&utm_campaign=imageinfo&utm_content=thumbnail","15af077ca63e4789c45f86dccc41362b19a3903a","15af077ca63e4789c45f86dccc41362b19a3903a","WikiProject_v0.5/xowa_app_windows_64_v4.6.12.2009/file/commons.wikimedia.org/orig/0/c/8/a/Lurestan_Fibula_(4484325444).jpg","570787","2026-08-10T18:51:36.4128601Z","INCLUDE"
"Lyme disease","Medicine","File:Lyme Disease Risk Map.gif","Public domain","The Center for Disease Control and Prevention","https://commons.wikimedia.org/wiki/File:Lyme_Disease_Risk_Map.gif","https://commons.wikimedia.org/wiki/Special:Redirect/file/Lyme%20Disease%20Risk%20Map.gif","54374a510a5e460f08e1fb8b2c9230cf515bfe59","54374a510a5e460f08e1fb8b2c9230cf515bfe59","WikiProject_v0.5/xowa_app_windows_64_v4.6.12.2009/file/commons.wikimedia.org/orig/9/d/f/e/Lyme_Disease_Risk_Map.gif","20885","2026-08-10T18:52:02.1311836Z","INCLUDE"
"Electric current","Electrical","File:Magnetic field produced by an electric current in a solenoid.png","CC BY-SA 4.0","Ponor","https://commons.wikimedia.org/wiki/File:Magnetic_field_produced_by_an_electric_current_in_a_solenoid.png","https://upload.wikimedia.org/wikipedia/commons/6/60/Magnetic_field_produced_by_an_electric_current_in_a_solenoid.png?utm_source=en.wikipedia.org&utm_campaign=imageinfo&utm_content=original","84d046b0a8e76e8ea073bbb20ccfe4c8b3e981b1","84d046b0a8e76e8ea073bbb20ccfe4c8b3e981b1","WikiProject_v0.5/xowa_app_windows_64_v4.6.12.2009/file/commons.wikimedia.org/orig/6/0/5/1/Magnetic_field_produced_by_an_electric_current_in_a_solenoid.png","58017","2026-08-10T18:52:00.0135473Z","INCLUDE"
"Crop rotation","Agriculture","File:Maler der Grabkammer des Sennudem 001.jpg","Public domain","Painter of the burial chamber of Sennedjem","https://commons.wikimedia.org/wiki/File:Maler_der_Grabkammer_des_Sennudem_001.jpg","https://upload.wikimedia.org/wikipedia/commons/thumb/9/91/Maler_der_Grabkammer_des_Sennudem_001.jpg/1920px-Maler_der_Grabkammer_des_Sennudem_001.jpg?utm_source=en.wikipedia.org&utm_campaign=imageinfo&utm_content=thumbnail","7218da4fe1f77b0c078694cbaa01014455c7e776","7218da4fe1f77b0c078694cbaa01014455c7e776","WikiProject_v0.5/xowa_app_windows_64_v4.6.12.2009/file/commons.wikimedia.org/orig/9/1/b/e/Maler_der_Grabkammer_des_Sennudem_001.jpg","491313","2026-08-10T18:51:35.8319562Z","INCLUDE"
"Bone fracture","Medicine","File:MalletFinger.PNG","CC BY-SA 3.0","James Heilman, MD","https://commons.wikimedia.org/wiki/File:MalletFinger.PNG","https://upload.wikimedia.org/wikipedia/commons/7/77/MalletFinger.PNG?utm_source=en.wikipedia.org&utm_campaign=imageinfo&utm_content=original","8f624c46d5cb739c3c70c5bc31dea5b570b5726d","8f624c46d5cb739c3c70c5bc31dea5b570b5726d","WikiProject_v0.5/xowa_app_windows_64_v4.6.12.2009/file/commons.wikimedia.org/orig/7/7/3/6/MalletFinger.PNG","269285","2026-08-10T18:51:37.2837723Z","INCLUDE"
"Infection","Medicine","File:Mallon-Mary 01.jpg","Public domain","Unknown artist Unknown artist","https://commons.wikimedia.org/wiki/File:Mallon-Mary_01.jpg","https://upload.wikimedia.org/wikipedia/commons/thumb/f/fd/Mallon-Mary_01.jpg/1920px-Mallon-Mary_01.jpg?utm_source=en.wikipedia.org&utm_campaign=imageinfo&utm_content=thumbnail","0b3a67622c740f1f762d77022335e5062755de15","0b3a67622c740f1f762d77022335e5062755de15","WikiProject_v0.5/xowa_app_windows_64_v4.6.12.2009/file/commons.wikimedia.org/orig/f/d/0/6/Mallon-Mary_01.jpg","831098","2026-08-10T18:51:38.9593854Z","INCLUDE"
"Carburetor","Engineering","File:Manly 1919 Fig 133 Fordson intake.png","Public domain","Harold P. Manly","https://commons.wikimedia.org/wiki/File:Manly_1919_Fig_133_Fordson_intake.png","https://commons.wikimedia.org/wiki/Special:Redirect/file/Manly%201919%20Fig%20133%20Fordson%20intake.png","16b09850c7a937647e06c08043c10eafafbb0e86","16b09850c7a937647e06c08043c10eafafbb0e86","WikiProject_v0.5/xowa_app_windows_64_v4.6.12.2009/file/commons.wikimedia.org/orig/7/f/f/c/Manly_1919_Fig_133_Fordson_intake.png","370377","2026-08-10T18:52:02.5351589Z","INCLUDE"
"Crankshaft","Engineering","File:Marine Crankshafts 8b03602r.jpg","Public domain","Alfred T. Palmer","https://commons.wikimedia.org/wiki/File:Marine_Crankshafts_8b03602r.jpg","https://upload.wikimedia.org/wikipedia/commons/5/5f/Marine_Crankshafts_8b03602r.jpg?utm_source=en.wikipedia.org&utm_campaign=imageinfo&utm_content=original","53c3e259f47512e8102eccf022fc8ffa72ad4039","53c3e259f47512e8102eccf022fc8ffa72ad4039","WikiProject_v0.5/xowa_app_windows_64_v4.6.12.2009/file/commons.wikimedia.org/orig/5/f/a/3/Marine_Crankshafts_8b03602r.jpg","34472","2026-08-10T18:51:40.3402617Z","INCLUDE"
"Measles","Medicine","File:Measles Aztec drawing.jpg","Public domain","Unknown author Unknown author","https://commons.wikimedia.org/wiki/File:Measles_Aztec_drawing.jpg","https://commons.wikimedia.org/wiki/Special:Redirect/file/Measles%20Aztec%20drawing.jpg","73eed226a23123d380e984daec338ac14ff2d97b","73eed226a23123d380e984daec338ac14ff2d97b","WikiProject_v0.5/xowa_app_windows_64_v4.6.12.2009/file/commons.wikimedia.org/orig/b/1/f/2/Measles_Aztec_drawing.jpg","153960","2026-08-10T18:52:01.7506589Z","INCLUDE"
"Measles","Medicine","File:Measles in England & Wales1940-2017.png","CC BY-SA 4.0","Chris55","https://commons.wikimedia.org/wiki/File:Measles_in_England_%26_Wales1940-2017.png","https://commons.wikimedia.org/wiki/Special:Redirect/file/Measles%20in%20England%20%26%20Wales1940-2017.png","376d73dbd7f87ea73b8652c36db702226aa5f263","376d73dbd7f87ea73b8652c36db702226aa5f263","WikiProject_v0.5/xowa_app_windows_64_v4.6.12.2009/file/commons.wikimedia.org/orig/3/c/0/3/Measles_in_England_&_Wales1940-2017.png","58497","2026-08-10T18:52:02.1311836Z","INCLUDE"
"Measles","Medicine","File:MeaslesOsmosisPic5.jpg","CC BY-SA 4.0","Osmosis","https://commons.wikimedia.org/wiki/File:MeaslesOsmosisPic5.jpg","https://commons.wikimedia.org/wiki/Special:Redirect/file/MeaslesOsmosisPic5.jpg","78c27292c3adfde564b678d0613debba91186dea","78c27292c3adfde564b678d0613debba91186dea","WikiProject_v0.5/xowa_app_windows_64_v4.6.12.2009/file/commons.wikimedia.org/orig/d/7/3/e/MeaslesOsmosisPic5.jpg","27778","2026-08-10T18:52:01.7506589Z","INCLUDE"
"Cardiopulmonary resuscitation","Medicine","File:Mechanische Reanimationshilfe.jpg","CC BY-SA 3.0","PhilippN","https://commons.wikimedia.org/wiki/File:Mechanische_Reanimationshilfe.jpg","https://commons.wikimedia.org/wiki/Special:Redirect/file/Mechanische%20Reanimationshilfe.jpg?width=2400","148116171387a28087c16fc983796aa46b8954e9","148116171387a28087c16fc983796aa46b8954e9","WikiProject_v0.5/xowa_app_windows_64_v4.6.12.2009/file/commons.wikimedia.org/orig/c/6/d/3/Mechanische_Reanimationshilfe.jpg","849344","2026-08-10T18:52:00.8470107Z","INCLUDE"
"Childbirth","Medicine","File:Miniature Naissance Louis VIII.jpg","Public domain","Unknown Unknown","https://commons.wikimedia.org/wiki/File:Miniature_Naissance_Louis_VIII.jpg","https://upload.wikimedia.org/wikipedia/commons/thumb/c/c1/Miniature_Naissance_Louis_VIII.jpg/1920px-Miniature_Naissance_Louis_VIII.jpg?utm_source=en.wikipedia.org&utm_campaign=imageinfo&utm_content=thumbnail","a8083c3a0ec772ce0486ab6b11031d710b0c4a0e","a8083c3a0ec772ce0486ab6b11031d710b0c4a0e","WikiProject_v0.5/xowa_app_windows_64_v4.6.12.2009/file/commons.wikimedia.org/orig/c/1/0/3/Miniature_Naissance_Louis_VIII.jpg","861043","2026-08-10T18:51:36.9248601Z","INCLUDE"
"Measles","Medicine","File:Morbillivirus measles infection.jpg","Public domain","Photo Credit: Content Providers(s): CDC/Dr. Heinz F. Eichenwald","https://commons.wikimedia.org/wiki/File:Morbillivirus_measles_infection.jpg","https://commons.wikimedia.org/wiki/Special:Redirect/file/Morbillivirus%20measles%20infection.jpg?width=2400","e23a00fd1c1717d53ab0c58a6e221b937c50060d","e23a00fd1c1717d53ab0c58a6e221b937c50060d","WikiProject_v0.5/xowa_app_windows_64_v4.6.12.2009/file/commons.wikimedia.org/orig/3/c/a/d/Morbillivirus_measles_infection.jpg","695515","2026-08-10T18:52:01.7506589Z","INCLUDE"
"Malaria","Medicine","File:Mosquitoes-Killedy-By-DDT-Lake-Victoria.JPG","CC BY-SA 3.0","Bjørn Christian Tørrissen","https://commons.wikimedia.org/wiki/File:Mosquitoes-Killedy-By-DDT-Lake-Victoria.JPG","https://commons.wikimedia.org/wiki/Special:Redirect/file/Mosquitoes-Killedy-By-DDT-Lake-Victoria.JPG?width=2400","86968ec424dd3e95ff7588e3db840e1e1170b62f","86968ec424dd3e95ff7588e3db840e1e1170b62f","WikiProject_v0.5/xowa_app_windows_64_v4.6.12.2009/file/commons.wikimedia.org/orig/2/4/4/a/Mosquitoes-Killedy-By-DDT-Lake-Victoria.JPG","1435015","2026-08-10T18:52:01.2415303Z","INCLUDE"
"Malaria","Medicine","File:Mosquitonet149.jpg","CC BY-SA 3.0","No machine-readable author provided. Soman assumed (based on copyright claims).","https://commons.wikimedia.org/wiki/File:Mosquitonet149.jpg","https://commons.wikimedia.org/wiki/Special:Redirect/file/Mosquitonet149.jpg","d57c883050588be032d7036fac2765d334394a3a","d57c883050588be032d7036fac2765d334394a3a","WikiProject_v0.5/xowa_app_windows_64_v4.6.12.2009/file/commons.wikimedia.org/orig/5/d/0/3/Mosquitonet149.jpg","587801","2026-08-10T18:52:01.2435348Z","INCLUDE"
"Bicycle maintenance","Engineering","File:Multi-use bike tool.jpg","CC0","JaredMcKenzie","https://commons.wikimedia.org/wiki/File:Multi-use_bike_tool.jpg","https://commons.wikimedia.org/wiki/Special:Redirect/file/Multi-use%20bike%20tool.jpg","16b4da5e13be6618cc55abce9e73f6a9a63bcdf7","16b4da5e13be6618cc55abce9e73f6a9a63bcdf7","WikiProject_v0.5/xowa_app_windows_64_v4.6.12.2009/file/commons.wikimedia.org/orig/d/b/7/9/Multi-use_bike_tool.jpg","1626462","2026-08-10T18:52:02.5351589Z","INCLUDE"
"Hypothermia","Medicine","File:Napoleons retreat from Moscow by Adolph Northen.jpg","Public domain","Adolph Northen","https://commons.wikimedia.org/wiki/File:Napoleons_retreat_from_Moscow_by_Adolph_Northen.jpg","https://upload.wikimedia.org/wikipedia/commons/b/b8/Napoleons_retreat_from_Moscow_by_Adolph_Northen.jpg?utm_source=en.wikipedia.org&utm_campaign=imageinfo&utm_content=original","e95466133ee428582ef439e3ad75524c96674a05","e95466133ee428582ef439e3ad75524c96674a05","WikiProject_v0.5/xowa_app_windows_64_v4.6.12.2009/file/commons.wikimedia.org/orig/b/8/3/f/Napoleons_retreat_from_Moscow_by_Adolph_Northen.jpg","145896","2026-08-10T18:51:38.3962891Z","INCLUDE"
"Spinal cord","Medicine","File:Nervous system diagram-en.svg","CC BY-SA 4.0","Medium69 , Jmarchn","https://commons.wikimedia.org/wiki/File:Nervous_system_diagram-en.svg","https://upload.wikimedia.org/wikipedia/commons/5/5b/Nervous_system_diagram-en.svg?utm_source=en.wikipedia.org&utm_campaign=imageinfo&utm_content=original","abedd1abf077468fb289024e95e0d3b056e305df","abedd1abf077468fb289024e95e0d3b056e305df","WikiProject_v0.5/xowa_app_windows_64_v4.6.12.2009/file/commons.wikimedia.org/orig/5/b/3/8/Nervous_system_diagram-en.svg","498707","2026-08-10T18:51:39.8322841Z","INCLUDE"
"Spinal cord","Medicine","File:Neurons-spinal-cord-rat.jpg","CC BY-SA 3.0","Zuzanna K. Filutowska","https://commons.wikimedia.org/wiki/File:Neurons-spinal-cord-rat.jpg","https://upload.wikimedia.org/wikipedia/commons/thumb/a/ac/Neurons-spinal-cord-rat.jpg/1920px-Neurons-spinal-cord-rat.jpg?utm_source=en.wikipedia.org&utm_campaign=imageinfo&utm_content=thumbnail","f5f9032c15e03dc96fbd78928bbde13b31caae6c","f5f9032c15e03dc96fbd78928bbde13b31caae6c","WikiProject_v0.5/xowa_app_windows_64_v4.6.12.2009/file/commons.wikimedia.org/orig/a/c/d/b/Neurons-spinal-cord-rat.jpg","918603","2026-08-10T18:51:39.8322841Z","INCLUDE"
"Gear train","Engineering","File:NonSynchronousGearBoxSF.jpg","CC BY-SA 3.0","StationNT5Bmedia","https://commons.wikimedia.org/wiki/File:NonSynchronousGearBoxSF.jpg","https://upload.wikimedia.org/wikipedia/commons/3/37/NonSynchronousGearBoxSF.jpg?utm_source=en.wikipedia.org&utm_campaign=imageinfo&utm_content=original","f4a9ac3b687ad6b0dba8a1075fd9e72d816ddd54","f4a9ac3b687ad6b0dba8a1075fd9e72d816ddd54","WikiProject_v0.5/xowa_app_windows_64_v4.6.12.2009/file/commons.wikimedia.org/orig/3/7/d/1/NonSynchronousGearBoxSF.jpg","176356","2026-08-10T18:51:40.3486436Z","INCLUDE"
"Scabies","Medicine","File:Norwegian Scabies in Homeless AIDS Patient.jpg","Public domain","Ukster1 at English Wikipedia ( Original text: Andrew G )","https://commons.wikimedia.org/wiki/File:Norwegian_Scabies_in_Homeless_AIDS_Patient.jpg","https://commons.wikimedia.org/wiki/Special:Redirect/file/Norwegian%20Scabies%20in%20Homeless%20AIDS%20Patient.jpg","375e28941302c739c5bea25ba58b1cc326882d02","375e28941302c739c5bea25ba58b1cc326882d02","WikiProject_v0.5/xowa_app_windows_64_v4.6.12.2009/file/commons.wikimedia.org/orig/5/7/8/3/Norwegian_Scabies_in_Homeless_AIDS_Patient.jpg","193958","2026-08-10T18:52:01.7506589Z","INCLUDE"
"Infection","Medicine","File:OCD handwash.jpg","Public domain","Lars Klintwall Malmqvist ( Larsklintwallmalmqvist )","https://commons.wikimedia.org/wiki/File:OCD_handwash.jpg","https://upload.wikimedia.org/wikipedia/commons/1/1b/OCD_handwash.jpg?utm_source=en.wikipedia.org&utm_campaign=imageinfo&utm_content=thumbnail_unscaled","68ceca0fce6524980f074214032829559e26037b","68ceca0fce6524980f074214032829559e26037b","WikiProject_v0.5/xowa_app_windows_64_v4.6.12.2009/file/commons.wikimedia.org/orig/1/b/1/f/OCD_handwash.jpg","241495","2026-08-10T18:51:38.9593854Z","INCLUDE"
"Eye","Medicine","File:Odontodactylus scyllarus eyes.jpg","CC BY-SA 4.0","Cédric Peneau","https://commons.wikimedia.org/wiki/File:Odontodactylus_scyllarus_eyes.jpg","https://upload.wikimedia.org/wikipedia/commons/thumb/c/c3/Odontodactylus_scyllarus_eyes.jpg/1920px-Odontodactylus_scyllarus_eyes.jpg?utm_source=en.wikipedia.org&utm_campaign=imageinfo&utm_content=thumbnail","c95e9c9313210ed5ec429af2426323ec1818e2c4","c95e9c9313210ed5ec429af2426323ec1818e2c4","WikiProject_v0.5/xowa_app_windows_64_v4.6.12.2009/file/commons.wikimedia.org/orig/c/3/f/d/Odontodactylus_scyllarus_eyes.jpg","375841","2026-08-10T18:51:36.9207303Z","INCLUDE"
"Ohm's law","Electrical","File:Ohm3.gif","Public domain","http://stat.case.edu/~pillar/genealogy/ohm.gif","https://commons.wikimedia.org/wiki/File:Ohm3.gif","https://upload.wikimedia.org/wikipedia/commons/d/dc/Ohm3.gif?utm_source=en.wikipedia.org&utm_campaign=imageinfo&utm_content=original","7564c8d109cb7af5e94cab80e46be49d2bfff315","7564c8d109cb7af5e94cab80e46be49d2bfff315","WikiProject_v0.5/xowa_app_windows_64_v4.6.12.2009/file/commons.wikimedia.org/orig/d/c/4/8/Ohm3.gif","71812","2026-08-10T18:52:00.4743981Z","INCLUDE"
"Electric current","Electrical","File:Ohm's Law with Voltage source TeX.svg","CC0","GorillaWarfare","https://commons.wikimedia.org/wiki/File:Ohm%27s_Law_with_Voltage_source_TeX.svg","https://upload.wikimedia.org/wikipedia/commons/b/b4/Ohm%27s_Law_with_Voltage_source_TeX.svg?utm_source=en.wikipedia.org&utm_campaign=imageinfo&utm_content=original","40d61e889e1b95e4e1e7dde392dde4b6ca1f4bdf","40d61e889e1b95e4e1e7dde392dde4b6ca1f4bdf","WikiProject_v0.5/xowa_app_windows_64_v4.6.12.2009/file/commons.wikimedia.org/orig/b/4/8/9/Ohm's_Law_with_Voltage_source_TeX.svg","8093","2026-08-10T18:52:00.0135473Z","INCLUDE"
"Hydraulics","Engineering","File:Open Channel.png","CC BY-SA 3.0","Soroush90gh","https://commons.wikimedia.org/wiki/File:Open_Channel.png","https://upload.wikimedia.org/wikipedia/commons/3/31/Open_Channel.png?utm_source=en.wikipedia.org&utm_campaign=imageinfo&utm_content=original","533c7e10c7e194e1acdbc1f037178ea9b78ee6ff","533c7e10c7e194e1acdbc1f037178ea9b78ee6ff","WikiProject_v0.5/xowa_app_windows_64_v4.6.12.2009/file/commons.wikimedia.org/orig/3/1/1/d/Open_Channel.png","11827","2026-08-10T18:51:40.3506631Z","INCLUDE"
"Human skull","Medicine","File:Ophiophagus hannah skull.jpg","CC BY-SA 3.0","Mokele ( talk )","https://commons.wikimedia.org/wiki/File:Ophiophagus_hannah_skull.jpg","https://upload.wikimedia.org/wikipedia/commons/8/87/Ophiophagus_hannah_skull.jpg?utm_source=en.wikipedia.org&utm_campaign=imageinfo&utm_content=original","24cc70b44193db87c66e5615734e77442c6ec7b3","24cc70b44193db87c66e5615734e77442c6ec7b3","WikiProject_v0.5/xowa_app_windows_64_v4.6.12.2009/file/commons.wikimedia.org/orig/8/7/8/9/Ophiophagus_hannah_skull.jpg","17072","2026-08-10T18:51:38.3962891Z","INCLUDE"
"Ear","Medicine","File:Otitis media entdifferenziert2.jpg","CC BY-SA 3.0","B. Welleschik","https://commons.wikimedia.org/wiki/File:Otitis_media_entdifferenziert2.jpg","https://upload.wikimedia.org/wikipedia/commons/5/58/Otitis_media_entdifferenziert2.jpg?utm_source=en.wikipedia.org&utm_campaign=imageinfo&utm_content=original","121074cdda34611e6446dcfd3b1c9378d4b3f207","121074cdda34611e6446dcfd3b1c9378d4b3f207","WikiProject_v0.5/xowa_app_windows_64_v4.6.12.2009/file/commons.wikimedia.org/orig/5/8/9/9/Otitis_media_entdifferenziert2.jpg","503013","2026-08-10T18:51:36.9207303Z","INCLUDE"
"Dehydration","Medicine","File:PHIL 1939 lores.jpg","","","https://commons.wikimedia.org/wiki/File:Adult_cholera_patient.jpg","https://upload.wikimedia.org/wikipedia/commons/2/2b/Adult_cholera_patient.jpg?utm_source=en.wikipedia.org&utm_campaign=imageinfo&utm_content=original","","37d35e111902f6c147f8dc9983aeb0b0979671cb","WikiProject_v0.5/xowa_app_windows_64_v4.6.12.2009/file/commons.wikimedia.org/orig/2/f/6/e/PHIL_1939_lores.jpg","66821","2026-08-10T18:51:36.9207303Z","EXCLUDE_MISSING_REMOTE_RECORD"
"Malaria","Medicine","File:Plasmodium.jpg","Public domain","The original uploader was TimVickers at English Wikipedia .","https://commons.wikimedia.org/wiki/File:Plasmodium.jpg","https://commons.wikimedia.org/wiki/Special:Redirect/file/Plasmodium.jpg","45c579276f83a2bc25d01bc8a4ea064cdb7fe523","45c579276f83a2bc25d01bc8a4ea064cdb7fe523","WikiProject_v0.5/xowa_app_windows_64_v4.6.12.2009/file/commons.wikimedia.org/orig/3/c/c/6/Plasmodium.jpg","51053","2026-08-10T18:52:01.2435348Z","INCLUDE"
"Spider bite","Medicine","File:PlatycryptusUndatusFemale.jpg","CC BY-SA 3.0","Kevincollins123","https://commons.wikimedia.org/wiki/File:PlatycryptusUndatusFemale.jpg","https://commons.wikimedia.org/wiki/Special:Redirect/file/PlatycryptusUndatusFemale.jpg?width=2400","b900c83c6b7c2f2b6d4a553983642c479d879290","b900c83c6b7c2f2b6d4a553983642c479d879290","WikiProject_v0.5/xowa_app_windows_64_v4.6.12.2009/file/commons.wikimedia.org/orig/6/d/f/d/PlatycryptusUndatusFemale.jpg","3193104","2026-08-10T18:52:02.1291766Z","INCLUDE"
"Pulley","Engineering","File:Polea-simple-fija.jpg","CC BY-SA 3.0","César Rincón","https://commons.wikimedia.org/wiki/File:Polea-simple-fija.jpg","https://upload.wikimedia.org/wikipedia/commons/a/a3/Polea-simple-fija.jpg?utm_source=en.wikipedia.org&utm_campaign=imageinfo&utm_content=original","6bf9810bd150f014c60158e876c92537a079a162","6bf9810bd150f014c60158e876c92537a079a162","WikiProject_v0.5/xowa_app_windows_64_v4.6.12.2009/file/commons.wikimedia.org/orig/a/3/8/f/Polea-simple-fija.jpg","31676","2026-08-10T18:51:40.3730130Z","INCLUDE"
"Pulley","Engineering","File:Polea-simple-movil2.jpg","CC BY-SA 3.0","","https://commons.wikimedia.org/wiki/File:Polea-simple-movil2.jpg","https://upload.wikimedia.org/wikipedia/commons/c/c6/Polea-simple-movil2.jpg?utm_source=en.wikipedia.org&utm_campaign=imageinfo&utm_content=original","b8f2f65a610109621bd5b1af968b03cfb1c1dcbd","b8f2f65a610109621bd5b1af968b03cfb1c1dcbd","WikiProject_v0.5/xowa_app_windows_64_v4.6.12.2009/file/commons.wikimedia.org/orig/c/6/2/0/Polea-simple-movil2.jpg","40819","2026-08-10T18:51:40.3730130Z","EXCLUDE_MISSING_CREDIT"
"Pulley","Engineering","File:Polispasto2B.jpg","CC BY-SA 3.0","Mindbuilder","https://commons.wikimedia.org/wiki/File:Polispasto2B.jpg","https://upload.wikimedia.org/wikipedia/commons/a/a4/Polispasto2B.jpg?utm_source=en.wikipedia.org&utm_campaign=imageinfo&utm_content=original","874f103e6797e6de63351b6304a52bc4668c9b1b","874f103e6797e6de63351b6304a52bc4668c9b1b","WikiProject_v0.5/xowa_app_windows_64_v4.6.12.2009/file/commons.wikimedia.org/orig/a/4/6/1/Polispasto2B.jpg","26725","2026-08-10T18:51:40.3730130Z","INCLUDE"
"Childbirth","Medicine","File:Postpartum baby2.jpg","CC BY-SA 2.0","Tom Adriaenssen","https://commons.wikimedia.org/wiki/File:Postpartum_baby2.jpg","https://upload.wikimedia.org/wikipedia/commons/thumb/6/61/Postpartum_baby2.jpg/1920px-Postpartum_baby2.jpg?utm_source=en.wikipedia.org&utm_campaign=imageinfo&utm_content=thumbnail","aa5e63a49d02f8314860237c5609581c52597ea6","aa5e63a49d02f8314860237c5609581c52597ea6","WikiProject_v0.5/xowa_app_windows_64_v4.6.12.2009/file/commons.wikimedia.org/orig/6/1/e/2/Postpartum_baby2.jpg","308378","2026-08-10T18:51:36.4128601Z","INCLUDE"
"Electronic circuit","Electrical","File:Protoboard circuito multivibradores.jpg","CC BY-SA 4.0","Josemontero9 - Juan José Montero Rodríguez","https://commons.wikimedia.org/wiki/File:Protoboard_circuito_multivibradores.jpg","https://upload.wikimedia.org/wikipedia/commons/9/96/Protoboard_circuito_multivibradores.jpg?utm_source=en.wikipedia.org&utm_campaign=imageinfo&utm_content=original","4c4b1edf9aa6165de7e531fff5b50531d27cd5d1","4c4b1edf9aa6165de7e531fff5b50531d27cd5d1","WikiProject_v0.5/xowa_app_windows_64_v4.6.12.2009/file/commons.wikimedia.org/orig/9/6/c/8/Protoboard_circuito_multivibradores.jpg","33821","2026-08-10T18:52:00.0145550Z","INCLUDE"
"Bleeding","Medicine","File:Pulmonary haemorrhage - high mag.jpg","CC BY-SA 3.0","Nephron","https://commons.wikimedia.org/wiki/File:Pulmonary_haemorrhage_-_high_mag.jpg","https://commons.wikimedia.org/wiki/Special:Redirect/file/Pulmonary%20haemorrhage%20-%20high%20mag.jpg?width=2400","966f89483b4a196402f5a0dee666b8a9cfc5c6b6","966f89483b4a196402f5a0dee666b8a9cfc5c6b6","WikiProject_v0.5/xowa_app_windows_64_v4.6.12.2009/file/commons.wikimedia.org/orig/0/3/1/a/Pulmonary_haemorrhage_-_high_mag.jpg","2561990","2026-08-10T18:52:00.8470107Z","INCLUDE"
"Abscess","Medicine","File:Pyemic abscesses of kidney.jpg","CC BY-SA 3.0","علاء","https://commons.wikimedia.org/wiki/File:Pyemic_abscesses_of_kidney.jpg","https://commons.wikimedia.org/wiki/Special:Redirect/file/Pyemic%20abscesses%20of%20kidney.jpg","84c54fa74e9493a35b9714ffc44cb2615b5562ab","84c54fa74e9493a35b9714ffc44cb2615b5562ab","WikiProject_v0.5/xowa_app_windows_64_v4.6.12.2009/file/commons.wikimedia.org/orig/6/9/1/a/Pyemic_abscesses_of_kidney.jpg","37288","2026-08-10T18:52:00.8470107Z","INCLUDE"
"First aid","Medicine","File:Ratownik medyczny, defibrylacja.jpg","CC BY-SA 4.0","Zalasem1","https://commons.wikimedia.org/wiki/File:Ratownik_medyczny,_defibrylacja.jpg","https://upload.wikimedia.org/wikipedia/commons/thumb/7/72/Ratownik_medyczny%2C_defibrylacja.jpg/1920px-Ratownik_medyczny%2C_defibrylacja.jpg?utm_source=en.wikipedia.org&utm_campaign=imageinfo&utm_content=thumbnail","d88ed5106d41dbbcbfb1c7c60454d3ab815e89a0","d88ed5106d41dbbcbfb1c7c60454d3ab815e89a0","WikiProject_v0.5/xowa_app_windows_64_v4.6.12.2009/file/commons.wikimedia.org/orig/7/2/b/0/Ratownik_medyczny,_defibrylacja.jpg","422579","2026-08-10T18:51:37.2881797Z","INCLUDE"
"Refrigeration","Engineering","File:Refrigeration.png","CC BY-SA 3.0","Original uploader was Keenan Pepper at en.wikipedia","https://commons.wikimedia.org/wiki/File:Refrigeration.png","https://upload.wikimedia.org/wikipedia/commons/5/5d/Refrigeration.png?utm_source=en.wikipedia.org&utm_campaign=imageinfo&utm_content=original","e6e72d0ab03567162417096389da8613a99c5f84","e6e72d0ab03567162417096389da8613a99c5f84","WikiProject_v0.5/xowa_app_windows_64_v4.6.12.2009/file/commons.wikimedia.org/orig/5/d/7/5/Refrigeration.png","7794","2026-08-10T18:52:00.0124981Z","INCLUDE"
"Anatomical terminology","Medicine","File:Regions of Human Body.jpg","CC BY 4.0","Connexions / OpenStax","https://commons.wikimedia.org/wiki/File:Regions_of_Human_Body.jpg","https://upload.wikimedia.org/wikipedia/commons/5/5a/Regions_of_Human_Body.jpg?utm_source=en.wikipedia.org&utm_campaign=imageinfo&utm_content=original","5312d2e709fb7ea516f191a10db48de1091fbf4c","5312d2e709fb7ea516f191a10db48de1091fbf4c","WikiProject_v0.5/xowa_app_windows_64_v4.6.12.2009/file/commons.wikimedia.org/orig/5/a/0/8/Regions_of_Human_Body.jpg","618263","2026-08-10T18:51:37.2837723Z","INCLUDE"
"Human digestive system","Medicine","File:Relations of the aorta, trachea, esophagus and other heart structures.png","CC BY-SA 3.0","Derivative by Mikael Häggström of original by ZooFari .","https://commons.wikimedia.org/wiki/File:Relations_of_the_aorta,_trachea,_esophagus_and_other_heart_structures.png","https://upload.wikimedia.org/wikipedia/commons/thumb/3/35/Relations_of_the_aorta%2C_trachea%2C_esophagus_and_other_heart_structures.png/1920px-Relations_of_the_aorta%2C_trachea%2C_esophagus_and_other_heart_structures.png?utm_source=en.wikipedia.org&utm_campaign=imageinfo&utm_content=thumbnail","dc4c904849e637116f64c9a0c64c1d4afc309a82","dc4c904849e637116f64c9a0c64c1d4afc309a82","WikiProject_v0.5/xowa_app_windows_64_v4.6.12.2009/file/commons.wikimedia.org/orig/3/5/1/4/Relations_of_the_aorta,_trachea,_esophagus_and_other_heart_structures.png","1194412","2026-08-10T18:51:37.7633412Z","INCLUDE"
"Electrical resistance and conductance","Electrical","File:Resistivity geometry.png","CC BY-SA 3.0","User:Omegatron","https://commons.wikimedia.org/wiki/File:Resistivity_geometry.png","https://upload.wikimedia.org/wikipedia/commons/6/68/Resistivity_geometry.png?utm_source=en.wikipedia.org&utm_campaign=imageinfo&utm_content=original","959d255027151c1bc81246a92e40c430754ef44f","959d255027151c1bc81246a92e40c430754ef44f","WikiProject_v0.5/xowa_app_windows_64_v4.6.12.2009/file/commons.wikimedia.org/orig/6/8/7/d/Resistivity_geometry.png","10724","2026-08-10T18:52:00.0145550Z","INCLUDE"
"Series and parallel circuits","Electrical","File:Resistors in series.svg","CC BY-SA 3.0","Omegatron","https://commons.wikimedia.org/wiki/File:Resistors_in_series.svg","https://upload.wikimedia.org/wikipedia/commons/1/11/Resistors_in_series.svg?utm_source=en.wikipedia.org&utm_campaign=imageinfo&utm_content=original","51786e461ce3394388894874cd2964692af21476","51786e461ce3394388894874cd2964692af21476","WikiProject_v0.5/xowa_app_windows_64_v4.6.12.2009/file/commons.wikimedia.org/orig/1/1/1/3/Resistors_in_series.svg","44602","2026-08-10T18:52:00.4743981Z","INCLUDE"
"Respiratory system","Medicine","File:Respiratory system complete en.svg","Public domain","LadyofHats , Jmarchn","https://commons.wikimedia.org/wiki/File:Respiratory_system_complete_en.svg","https://upload.wikimedia.org/wikipedia/commons/5/5e/Respiratory_system_complete_en.svg?utm_source=en.wikipedia.org&utm_campaign=imageinfo&utm_content=original","b199e89456b6f7973a7fc78170fa9162a4e2e50f","b199e89456b6f7973a7fc78170fa9162a4e2e50f","WikiProject_v0.5/xowa_app_windows_64_v4.6.12.2009/file/commons.wikimedia.org/orig/5/e/d/d/Respiratory_system_complete_en.svg","282267","2026-08-10T18:51:39.4379406Z","INCLUDE"
"Diesel engine","Engineering","File:Ricardo comet combustion.gif","CC BY-SA 4.0","Imotorhead64","https://commons.wikimedia.org/wiki/File:Ricardo_comet_combustion.gif","https://commons.wikimedia.org/wiki/Special:Redirect/file/Ricardo%20comet%20combustion.gif","4772783a4c012d5a3375726d2d6ced8b27600503","4772783a4c012d5a3375726d2d6ced8b27600503","WikiProject_v0.5/xowa_app_windows_64_v4.6.12.2009/file/commons.wikimedia.org/orig/9/e/3/8/Ricardo_comet_combustion.gif","12267","2026-08-10T18:52:02.5351589Z","INCLUDE"
"Malaria","Medicine","File:Ronald Ross.jpg","Public domain","Unknown author Unknown author","https://commons.wikimedia.org/wiki/File:Ronald_Ross.jpg","https://commons.wikimedia.org/wiki/Special:Redirect/file/Ronald%20Ross.jpg","fce1922fc0f90294aa6751e83d0fdaa76786df84","fce1922fc0f90294aa6751e83d0fdaa76786df84","WikiProject_v0.5/xowa_app_windows_64_v4.6.12.2009/file/commons.wikimedia.org/orig/7/6/0/f/Ronald_Ross.jpg","160562","2026-08-10T18:52:01.7466415Z","INCLUDE"
"Measles","Medicine","File:RougeoleDP.jpg","Public domain","CDC/NIP/Barbara Rice","https://commons.wikimedia.org/wiki/File:RougeoleDP.jpg","https://commons.wikimedia.org/wiki/Special:Redirect/file/RougeoleDP.jpg","be6f537b835cbb123f03c0763b7c5175cff8e7ae","be6f537b835cbb123f03c0763b7c5175cff8e7ae","WikiProject_v0.5/xowa_app_windows_64_v4.6.12.2009/file/commons.wikimedia.org/orig/2/7/8/2/RougeoleDP.jpg","132768","2026-08-10T18:52:01.7506589Z","INCLUDE"
"Electric generator","Electrical","File:RPPC Old 50Kw generator - Eline Sr Spencer and exciter - 1909 - for 1140 volt house lighting circuit A.jpg","Public domain","Unknown author Unknown author","https://commons.wikimedia.org/wiki/File:RPPC_Old_50Kw_generator_-_Eline_Sr_Spencer_and_exciter_-_1909_-_for_1140_volt_house_lighting_circuit_A.jpg","https://upload.wikimedia.org/wikipedia/commons/thumb/e/ee/RPPC_Old_50Kw_generator_-_Eline_Sr_Spencer_and_exciter_-_1909_-_for_1140_volt_house_lighting_circuit_A.jpg/1920px-RPPC_Old_50Kw_generator_-_Eline_Sr_Spencer_and_exciter_-_1909_-_for_1140_volt_house_lighting_circuit_A.jpg?utm_source=en.wikipedia.org&utm_campaign=imageinfo&utm_content=thumbnail","07233a4a0401f5a8f8b6587e85201f9622f2c8a9","07233a4a0401f5a8f8b6587e85201f9622f2c8a9","WikiProject_v0.5/xowa_app_windows_64_v4.6.12.2009/file/commons.wikimedia.org/orig/e/e/9/6/RPPC_Old_50Kw_generator_-_Eline_Sr_Spencer_and_exciter_-_1909_-_for_1140_volt_house_lighting_circuit_A.jpg","670513","2026-08-10T18:52:00.0135473Z","INCLUDE"
"Hypothermia","Medicine","File:Russia 3577 - 1812 (4166101638).jpg","CC BY-SA 2.0","Dennis G. Jarvis","https://commons.wikimedia.org/wiki/File:Russia_3577_-_1812_(4166101638).jpg","https://upload.wikimedia.org/wikipedia/commons/thumb/6/66/Russia_3577_-_1812_%284166101638%29.jpg/1920px-Russia_3577_-_1812_%284166101638%29.jpg?utm_source=en.wikipedia.org&utm_campaign=imageinfo&utm_content=thumbnail","476a5c717a87e1bbc99ff8baf30e58cc4a841c2e","476a5c717a87e1bbc99ff8baf30e58cc4a841c2e","WikiProject_v0.5/xowa_app_windows_64_v4.6.12.2009/file/commons.wikimedia.org/orig/6/6/8/3/Russia_3577_-_1812_(4166101638).jpg","618844","2026-08-10T18:51:38.3962891Z","INCLUDE"
"Scabies","Medicine","File:Sarcoptes scabei 2.jpg","CC BY-SA 3.0","Kalumet","https://commons.wikimedia.org/wiki/File:Sarcoptes_scabei_2.jpg","https://commons.wikimedia.org/wiki/Special:Redirect/file/Sarcoptes%20scabei%202.jpg","8b5a4e9240ac47890120cba5df2d81cebb9e252a","8b5a4e9240ac47890120cba5df2d81cebb9e252a","WikiProject_v0.5/xowa_app_windows_64_v4.6.12.2009/file/commons.wikimedia.org/orig/c/0/5/6/Sarcoptes_scabei_2.jpg","957986","2026-08-10T18:52:01.7506589Z","INCLUDE"
"Malaria","Medicine","File:Saving Lives with SMS for Life.jpg","CC BY 2.0","Olympia Wereko-Brobby","https://commons.wikimedia.org/wiki/File:Saving_Lives_with_SMS_for_Life.jpg","https://commons.wikimedia.org/wiki/Special:Redirect/file/Saving%20Lives%20with%20SMS%20for%20Life.jpg?width=2400","659836e5cd33855fa7afa58769e1b20803d0d542","659836e5cd33855fa7afa58769e1b20803d0d542","WikiProject_v0.5/xowa_app_windows_64_v4.6.12.2009/file/commons.wikimedia.org/orig/4/6/0/0/Saving_Lives_with_SMS_for_Life.jpg","815414","2026-08-10T18:52:01.7466415Z","INCLUDE"
"Scabies","Medicine","File:Scabies life cycle.png","Public domain","Mikael Häggström","https://commons.wikimedia.org/wiki/File:Scabies_life_cycle.png","https://commons.wikimedia.org/wiki/Special:Redirect/file/Scabies%20life%20cycle.png","4c31b26eea7fed50404d43a4e91a9a8b2f93d9bb","4c31b26eea7fed50404d43a4e91a9a8b2f93d9bb","WikiProject_v0.5/xowa_app_windows_64_v4.6.12.2009/file/commons.wikimedia.org/orig/6/4/8/9/Scabies_life_cycle.png","155608","2026-08-10T18:52:01.7506589Z","INCLUDE"
"Scabies","Medicine","File:Scabies-burrow.jpg","Public domain","Michael Geary","https://commons.wikimedia.org/wiki/File:Scabies-burrow.jpg","https://commons.wikimedia.org/wiki/Special:Redirect/file/Scabies-burrow.jpg","8f29914806936bf6297422cff8099073dd25cd42","8f29914806936bf6297422cff8099073dd25cd42","WikiProject_v0.5/xowa_app_windows_64_v4.6.12.2009/file/commons.wikimedia.org/orig/1/0/3/1/Scabies-burrow.jpg","75118","2026-08-10T18:52:01.7506589Z","INCLUDE"
"Burn","Medicine","File:Scaldburn.jpg","CC BY-SA 3.0","The original uploader was Snickerdo at English Wikipedia .","https://commons.wikimedia.org/wiki/File:Scaldburn.jpg","https://commons.wikimedia.org/wiki/Special:Redirect/file/Scaldburn.jpg","97b974e93a07fd1d747ca1a8260466dab4fcd9d9","97b974e93a07fd1d747ca1a8260466dab4fcd9d9","WikiProject_v0.5/xowa_app_windows_64_v4.6.12.2009/file/commons.wikimedia.org/orig/e/d/7/e/Scaldburn.jpg","90655","2026-08-10T18:52:00.8470107Z","INCLUDE"
"Eye","Medicine","File:Schematic diagram of the human eye en.svg","CC BY-SA 3.0","Rhcastilhos. And Jmarchn .","https://commons.wikimedia.org/wiki/File:Schematic_diagram_of_the_human_eye_en.svg","https://upload.wikimedia.org/wikipedia/commons/1/1e/Schematic_diagram_of_the_human_eye_en.svg?utm_source=en.wikipedia.org&utm_campaign=imageinfo&utm_content=original","eeaf98657aca66ceac389a25c1df862c52f33a25","eeaf98657aca66ceac389a25c1df862c52f33a25","WikiProject_v0.5/xowa_app_windows_64_v4.6.12.2009/file/commons.wikimedia.org/orig/1/e/8/7/Schematic_diagram_of_the_human_eye_en.svg","343618","2026-08-10T18:51:36.9207303Z","INCLUDE"
"Hydraulics","Engineering","File:Segovia Aqueduct.JPG","Public domain","Bluedog423","https://commons.wikimedia.org/wiki/File:Segovia_Aqueduct.JPG","https://upload.wikimedia.org/wikipedia/commons/thumb/2/2f/Segovia_Aqueduct.JPG/1920px-Segovia_Aqueduct.JPG?utm_source=en.wikipedia.org&utm_campaign=imageinfo&utm_content=thumbnail","5f7c9ffedc0737d0a05e4472388bcb534bd0674d","5f7c9ffedc0737d0a05e4472388bcb534bd0674d","WikiProject_v0.5/xowa_app_windows_64_v4.6.12.2009/file/commons.wikimedia.org/orig/2/f/7/0/Segovia_Aqueduct.JPG","552027","2026-08-10T18:51:40.3506631Z","INCLUDE"
"Shingles","Medicine","File:ShinglesDay1.JPG","CC BY-SA 3.0","Mariegriffiths at English Wikipedia","https://commons.wikimedia.org/wiki/File:ShinglesDay1.JPG","https://commons.wikimedia.org/wiki/Special:Redirect/file/ShinglesDay1.JPG","26ee110c01aa25ca77723e5b92f1e106e2a9ed56","26ee110c01aa25ca77723e5b92f1e106e2a9ed56","WikiProject_v0.5/xowa_app_windows_64_v4.6.12.2009/file/commons.wikimedia.org/orig/f/d/b/4/ShinglesDay1.JPG","283405","2026-08-10T18:52:02.1291766Z","INCLUDE"
"Shingles","Medicine","File:ShinglesDay2 ed.JPG","CC BY-SA 3.0","Mariegriffiths at English Wikipedia","https://commons.wikimedia.org/wiki/File:ShinglesDay2_ed.JPG","https://commons.wikimedia.org/wiki/Special:Redirect/file/ShinglesDay2%20ed.JPG","e881a5e2b0286993f5ca5975bf10bf46ca1f3319","e881a5e2b0286993f5ca5975bf10bf46ca1f3319","WikiProject_v0.5/xowa_app_windows_64_v4.6.12.2009/file/commons.wikimedia.org/orig/7/b/8/7/ShinglesDay2_ed.JPG","36133","2026-08-10T18:52:02.1291766Z","INCLUDE"
"Shingles","Medicine","File:ShinglesDay5 ed.JPG","CC BY-SA 3.0","Mariegriffiths at English Wikipedia . The original uploader was Mariegriffiths at English Wikipedia .","https://commons.wikimedia.org/wiki/File:ShinglesDay5_ed.JPG","https://commons.wikimedia.org/wiki/Special:Redirect/file/ShinglesDay5%20ed.JPG","f77ff5f829fb56cb8010f8fb2758ffbeaf2bbefe","f77ff5f829fb56cb8010f8fb2758ffbeaf2bbefe","WikiProject_v0.5/xowa_app_windows_64_v4.6.12.2009/file/commons.wikimedia.org/orig/3/d/0/2/ShinglesDay5_ed.JPG","57372","2026-08-10T18:52:02.1291766Z","INCLUDE"
"Shingles","Medicine","File:ShinglesDay6 ed.JPG","CC BY-SA 3.0","The original uploader was Mariegriffiths at English Wikipedia .. The original uploader was Mariegriffiths at English Wikipedia .","https://commons.wikimedia.org/wiki/File:ShinglesDay6_ed.JPG","https://commons.wikimedia.org/wiki/Special:Redirect/file/ShinglesDay6%20ed.JPG","9ad6943377ef0883c78daaed544fa2c42c0f4700","9ad6943377ef0883c78daaed544fa2c42c0f4700","WikiProject_v0.5/xowa_app_windows_64_v4.6.12.2009/file/commons.wikimedia.org/orig/4/c/e/c/ShinglesDay6_ed.JPG","38970","2026-08-10T18:52:02.1311836Z","INCLUDE"
"Immune system","Medicine","File:Sida-aids.png","CC BY-SA 3.0","User:FoeNyx © 2004 (artistic illustration)","https://commons.wikimedia.org/wiki/File:Sida-aids.png","https://upload.wikimedia.org/wikipedia/commons/2/2f/Sida-aids.png?utm_source=en.wikipedia.org&utm_campaign=imageinfo&utm_content=original","8d53cd89d6bed87fceb296b40f90b37c42b9ef10","8d53cd89d6bed87fceb296b40f90b37c42b9ef10","WikiProject_v0.5/xowa_app_windows_64_v4.6.12.2009/file/commons.wikimedia.org/orig/2/f/0/8/Sida-aids.png","42161","2026-08-10T18:51:38.3962891Z","INCLUDE"
"Corrosion","Engineering","File:Silver Bridge collapsed, Ohio side.jpg","Public domain","","https://commons.wikimedia.org/wiki/File:Silver_Bridge_collapsed,_Ohio_side.jpg","https://commons.wikimedia.org/wiki/Special:Redirect/file/Silver%20Bridge%20collapsed%2C%20Ohio%20side.jpg","e8aece0023ef34ba1422173d1320f6ae2f2bfa1c","e8aece0023ef34ba1422173d1320f6ae2f2bfa1c","WikiProject_v0.5/xowa_app_windows_64_v4.6.12.2009/file/commons.wikimedia.org/orig/2/d/5/2/Silver_Bridge_collapsed,_Ohio_side.jpg","19715","2026-08-10T18:52:02.5351589Z","INCLUDE"
"Electronic circuit","Electrical","File:Simple electrical schematic with Ohms law.png","Public domain","Danield101","https://commons.wikimedia.org/wiki/File:Simple_electrical_schematic_with_Ohms_law.png","https://upload.wikimedia.org/wikipedia/commons/a/a0/Simple_electrical_schematic_with_Ohms_law.png?utm_source=en.wikipedia.org&utm_campaign=imageinfo&utm_content=original","940c825c071cc3f4bbd44c768a55ef8e69984731","940c825c071cc3f4bbd44c768a55ef8e69984731","WikiProject_v0.5/xowa_app_windows_64_v4.6.12.2009/file/commons.wikimedia.org/orig/a/0/9/1/Simple_electrical_schematic_with_Ohms_law.png","88002","2026-08-10T18:52:00.0155532Z","INCLUDE"
"Dislocation","Medicine","File:Sites interstitiels cubique a faces centrees.svg","CC BY-SA 3.0","Christophe Dang Ngoc Chan ( cdang )","https://commons.wikimedia.org/wiki/File:Sites_interstitiels_cubique_a_faces_centrees.svg","https://upload.wikimedia.org/wikipedia/commons/5/5c/Sites_interstitiels_cubique_a_faces_centrees.svg?utm_source=en.wikipedia.org&utm_campaign=imageinfo&utm_content=original","28070d30c95ba18090dd89fbbd2e6b1ffe0a10ef","28070d30c95ba18090dd89fbbd2e6b1ffe0a10ef","WikiProject_v0.5/xowa_app_windows_64_v4.6.12.2009/file/commons.wikimedia.org/orig/5/c/1/a/Sites_interstitiels_cubique_a_faces_centrees.svg","18560","2026-08-10T18:51:36.9207303Z","INCLUDE"
"Beehive","Agriculture","File:SL Temple doornob.jpg","CC BY 2.0","SiLver sKY","https://commons.wikimedia.org/wiki/File:SL_Temple_doornob.jpg","https://upload.wikimedia.org/wikipedia/commons/thumb/6/66/SL_Temple_doornob.jpg/1280px-SL_Temple_doornob.jpg?utm_source=en.wikipedia.org&utm_campaign=imageinfo&utm_content=thumbnail","beedc9f413fb5256aa577136628cd4d0b45932d6","beedc9f413fb5256aa577136628cd4d0b45932d6","WikiProject_v0.5/xowa_app_windows_64_v4.6.12.2009/file/commons.wikimedia.org/orig/6/6/4/0/SL_Temple_doornob.jpg","340240","2026-08-10T18:51:35.8259018Z","INCLUDE"
"Corrosion","Engineering","File:Spidergraph ChemDurab.png","Public domain","","https://en.wikipedia.org/wiki/File:Spidergraph_ChemDurab.png","https://upload.wikimedia.org/wikipedia/en/b/bd/Spidergraph_ChemDurab.png?utm_source=en.wikipedia.org&utm_campaign=imageinfo&utm_content=original","719b3e3706b994833d76f25ffcb73bdf746714d9","719b3e3706b994833d76f25ffcb73bdf746714d9","WikiProject_v0.5/xowa_app_windows_64_v4.6.12.2009/file/commons.wikimedia.org/orig/b/d/4/0/Spidergraph_ChemDurab.png","43984","2026-08-10T18:52:02.8069647Z","INCLUDE"
"Compost","Agriculture","File:Spontaneous combustion of compost pile.jpg","CC BY-SA 3.0","Ramiro Barreiro","https://commons.wikimedia.org/wiki/File:Spontaneous_combustion_of_compost_pile.jpg","https://upload.wikimedia.org/wikipedia/commons/8/8e/Spontaneous_combustion_of_compost_pile.jpg?utm_source=en.wikipedia.org&utm_campaign=imageinfo&utm_content=original","6b657e0dbbd5a2482b5c42fa147b620352b9f341","6b657e0dbbd5a2482b5c42fa147b620352b9f341","WikiProject_v0.5/xowa_app_windows_64_v4.6.12.2009/file/commons.wikimedia.org/orig/8/e/7/c/Spontaneous_combustion_of_compost_pile.jpg","149555","2026-08-10T18:51:35.8319562Z","INCLUDE"
"First aid","Medicine","File:Star of life2.svg","Public domain","Verdy p","https://commons.wikimedia.org/wiki/File:Star_of_life2.svg","https://upload.wikimedia.org/wikipedia/commons/5/5b/Star_of_life2.svg?utm_source=en.wikipedia.org&utm_campaign=imageinfo&utm_content=original","4813cb6734a53fd6f9b878d0d4484c6b40ce2010","4813cb6734a53fd6f9b878d0d4484c6b40ce2010","WikiProject_v0.5/xowa_app_windows_64_v4.6.12.2009/file/commons.wikimedia.org/orig/5/b/6/8/Star_of_life2.svg","1511","2026-08-10T18:51:37.2881797Z","INCLUDE"
"Dental caries","Medicine","File:Streptococcus mutans 01.jpg","Public domain","Photo Credit: Content Providers(s): Streptococcus mutans Transwiki approved by: w:en:User:Dmcdevit","https://commons.wikimedia.org/wiki/File:Streptococcus_mutans_01.jpg","https://commons.wikimedia.org/wiki/Special:Redirect/file/Streptococcus%20mutans%2001.jpg","5200e67bb96216f654ce7168c3d89e37c66d722e","5200e67bb96216f654ce7168c3d89e37c66d722e","WikiProject_v0.5/xowa_app_windows_64_v4.6.12.2009/file/commons.wikimedia.org/orig/b/8/b/1/Streptococcus_mutans_01.jpg","89145","2026-08-10T18:52:01.2395243Z","INCLUDE"
"Fracture","Medicine","File:Stress v strain Aluminum 2.png","CC BY-SA 3.0","","https://commons.wikimedia.org/wiki/File:Stress_v_strain_Aluminum_2.png","https://commons.wikimedia.org/wiki/Special:Redirect/file/Stress%20v%20strain%20Aluminum%202.png","afc74a74e8693c38c7a2990717cee0d2dec4e83a","afc74a74e8693c38c7a2990717cee0d2dec4e83a","WikiProject_v0.5/xowa_app_windows_64_v4.6.12.2009/file/commons.wikimedia.org/orig/0/c/f/b/Stress_v_strain_Aluminum_2.png","10995","2026-08-10T18:52:01.2395243Z","EXCLUDE_MISSING_CREDIT"
"First aid","Medicine","File:Suicide-prague.jpg","CC BY-SA 3.0","Chmee2","https://commons.wikimedia.org/wiki/File:Suicide-prague.jpg","https://upload.wikimedia.org/wikipedia/commons/thumb/2/2d/Suicide-prague.jpg/1920px-Suicide-prague.jpg?utm_source=en.wikipedia.org&utm_campaign=imageinfo&utm_content=thumbnail","e1ef06c6f1bdee3fa20c39b7201451c68a698921","e1ef06c6f1bdee3fa20c39b7201451c68a698921","WikiProject_v0.5/xowa_app_windows_64_v4.6.12.2009/file/commons.wikimedia.org/orig/2/d/a/9/Suicide-prague.jpg","1534695","2026-08-10T18:51:37.2881797Z","INCLUDE"
"Cardiopulmonary resuscitation","Medicine","File:Supine and prone diagrams-en.svg","CC BY-SA 3.0","Jmarchn","https://commons.wikimedia.org/wiki/File:Supine_and_prone_diagrams-en.svg","https://upload.wikimedia.org/wikipedia/commons/4/49/Supine_and_prone_diagrams-en.svg?utm_source=en.wikipedia.org&utm_campaign=imageinfo&utm_content=original","983fcb2c30c0f17b3bc444510b5eafb2fb51361f","983fcb2c30c0f17b3bc444510b5eafb2fb51361f","WikiProject_v0.5/xowa_app_windows_64_v4.6.12.2009/file/commons.wikimedia.org/orig/4/9/e/4/Supine_and_prone_diagrams-en.svg","294878","2026-08-10T18:51:36.4043538Z","INCLUDE"
"Sanitation","Public health","File:Sustainable Development Goal 6.png","Public domain","United Nations","https://commons.wikimedia.org/wiki/File:Sustainable_Development_Goal_6.png","https://upload.wikimedia.org/wikipedia/commons/8/87/Sustainable_Development_Goal_6.png?utm_source=en.wikipedia.org&utm_campaign=imageinfo&utm_content=original","5603e8f362f2dfa03f88acee2192d53c585b30c6","5603e8f362f2dfa03f88acee2192d53c585b30c6","WikiProject_v0.5/xowa_app_windows_64_v4.6.12.2009/file/commons.wikimedia.org/orig/8/7/9/0/Sustainable_Development_Goal_6.png","47212","2026-08-10T18:51:39.8342931Z","INCLUDE"
"Conjunctivitis","Medicine","File:Swollen eye with conjunctivitis.jpg","CC BY 3.0","Tanalai at English Wikipedia ( Original text: Tanalai ( talk ) )","https://commons.wikimedia.org/wiki/File:Swollen_eye_with_conjunctivitis.jpg","https://commons.wikimedia.org/wiki/Special:Redirect/file/Swollen%20eye%20with%20conjunctivitis.jpg","3b305cb6e8cd0d324383af6bb01a00cd5227ea48","3b305cb6e8cd0d324383af6bb01a00cd5227ea48","WikiProject_v0.5/xowa_app_windows_64_v4.6.12.2009/file/commons.wikimedia.org/orig/9/0/e/e/Swollen_eye_with_conjunctivitis.jpg","328674","2026-08-10T18:52:00.8510419Z","INCLUDE"
"Malaria","Medicine","File:Symptoms of Malaria.png","Public domain","Mikael Häggström . When using this image in external works, it may be cited as: Häggström, Mikael (2014). "" Medical gallery of Mikael Häggström 2014 "". WikiJournal of Medicine 1 (2). DOI : 10.15347/wjm/2014.008 . ISSN 2002-4436 . Public Domain . or By Mikael Häggström, used with permission.","https://commons.wikimedia.org/wiki/File:Symptoms_of_Malaria.png","https://commons.wikimedia.org/wiki/Special:Redirect/file/Symptoms%20of%20Malaria.png","af441764e9c35bc0e8200dd047188d7b493b07e7","af441764e9c35bc0e8200dd047188d7b493b07e7","WikiProject_v0.5/xowa_app_windows_64_v4.6.12.2009/file/commons.wikimedia.org/orig/d/b/5/b/Symptoms_of_Malaria.png","1344715","2026-08-10T18:52:01.7466415Z","INCLUDE"
"Nervous system","Medicine","File:SynapseSchematic lines.svg","CC BY-SA 4.0","Thomas Splettstoesser ( www.scistyle.com )","https://commons.wikimedia.org/wiki/File:SynapseSchematic_lines.svg","https://upload.wikimedia.org/wikipedia/commons/d/d7/SynapseSchematic_lines.svg?utm_source=en.wikipedia.org&utm_campaign=imageinfo&utm_content=original","e3cf25f7864ccae0c464b8270947bfa418b7dfde","e3cf25f7864ccae0c464b8270947bfa418b7dfde","WikiProject_v0.5/xowa_app_windows_64_v4.6.12.2009/file/commons.wikimedia.org/orig/d/7/9/a/SynapseSchematic_lines.svg","42929","2026-08-10T18:51:39.0022929Z","INCLUDE"
"Bearing (mechanical)","Engineering","File:Tapered steering head bearings.jpg","Attribution","The original uploader was Motorrad-67 at English Wikipedia .","https://commons.wikimedia.org/wiki/File:Tapered_steering_head_bearings.jpg","https://upload.wikimedia.org/wikipedia/commons/7/7c/Tapered_steering_head_bearings.jpg?utm_source=en.wikipedia.org&utm_campaign=imageinfo&utm_content=original","8da0a2892d37a199d885d1e0ffb9729931e3dadf","8da0a2892d37a199d885d1e0ffb9729931e3dadf","WikiProject_v0.5/xowa_app_windows_64_v4.6.12.2009/file/commons.wikimedia.org/orig/7/c/8/5/Tapered_steering_head_bearings.jpg","21302","2026-08-10T18:51:39.8363021Z","EXCLUDE_LICENSE_REVIEW"
"Human anatomy","Medicine","File:TE-Nervous system diagram.svg","CC BY 3.0","Own work","https://commons.wikimedia.org/wiki/File:TE-Nervous_system_diagram.svg","https://upload.wikimedia.org/wikipedia/commons/b/b2/TE-Nervous_system_diagram.svg?utm_source=en.wikipedia.org&utm_campaign=imageinfo&utm_content=original","f278446361e553001d98d835ac69c23947df624a","f278446361e553001d98d835ac69c23947df624a","WikiProject_v0.5/xowa_app_windows_64_v4.6.12.2009/file/commons.wikimedia.org/orig/b/2/7/e/TE-Nervous_system_diagram.svg","366539","2026-08-10T18:51:37.7596996Z","INCLUDE"
"Human reproductive system","Medicine","File:Testicle hariadhi.svg","CC BY-SA 4.0","Hariadhi","https://commons.wikimedia.org/wiki/File:Testicle_hariadhi.svg","https://upload.wikimedia.org/wikipedia/commons/4/4a/Testicle_hariadhi.svg?utm_source=en.wikipedia.org&utm_campaign=imageinfo&utm_content=original","d5366a18674fb665da7e58ab3245f8605d9ac322","d5366a18674fb665da7e58ab3245f8605d9ac322","WikiProject_v0.5/xowa_app_windows_64_v4.6.12.2009/file/commons.wikimedia.org/orig/4/a/0/c/Testicle_hariadhi.svg","96105","2026-08-10T18:51:38.3942744Z","INCLUDE"
"Heat stroke","Medicine","File:The British Army in the Middle East 1943 E26027.jpg","Public domain","Neill (Sgt), No 1 Army Film & Photographic Unit","https://commons.wikimedia.org/wiki/File:The_British_Army_in_the_Middle_East_1943_E26027.jpg","https://commons.wikimedia.org/wiki/Special:Redirect/file/The%20British%20Army%20in%20the%20Middle%20East%201943%20E26027.jpg","020d6cf3cc1f589464ee9c0cfccfc8e104c68b13","020d6cf3cc1f589464ee9c0cfccfc8e104c68b13","WikiProject_v0.5/xowa_app_windows_64_v4.6.12.2009/file/commons.wikimedia.org/orig/1/8/f/9/The_British_Army_in_the_Middle_East_1943_E26027.jpg","71538","2026-08-10T18:52:01.2415303Z","INCLUDE"
"Diesel engine","Engineering","File:The National Archives UK - CO 1069-182-9.jpg","OGL v1.0","The National Archives UK - Flickr account","https://commons.wikimedia.org/wiki/File:The_National_Archives_UK_-_CO_1069-182-9.jpg","https://commons.wikimedia.org/wiki/Special:Redirect/file/The%20National%20Archives%20UK%20-%20CO%201069-182-9.jpg","695d5809dc634354865e64646d4255c5f03250c9","695d5809dc634354865e64646d4255c5f03250c9","WikiProject_v0.5/xowa_app_windows_64_v4.6.12.2009/file/commons.wikimedia.org/orig/0/c/4/f/The_National_Archives_UK_-_CO_1069-182-9.jpg","270669","2026-08-10T18:52:02.5351589Z","EXCLUDE_LICENSE_REVIEW"
"Dental caries","Medicine","File:Toothbrush 20050716 004.jpg","Public domain","Jonas Bergsten","https://commons.wikimedia.org/wiki/File:Toothbrush_20050716_004.jpg","https://commons.wikimedia.org/wiki/Special:Redirect/file/Toothbrush%2020050716%20004.jpg","17535da3f527ce55649c4b3e6441b1189186829f","17535da3f527ce55649c4b3e6441b1189186829f","WikiProject_v0.5/xowa_app_windows_64_v4.6.12.2009/file/commons.wikimedia.org/orig/c/3/0/b/Toothbrush_20050716_004.jpg","242999","2026-08-10T18:52:01.2395243Z","INCLUDE"
"Dental caries","Medicine","File:ToothMontage3.jpg","CC BY 3.0","Original uploaded by DRosenbach (Transfered by wikiLeon )","https://commons.wikimedia.org/wiki/File:ToothMontage3.jpg","https://commons.wikimedia.org/wiki/Special:Redirect/file/ToothMontage3.jpg","3877cacf2bc9be5a1c6468abdc47d6e6d70d625b","3877cacf2bc9be5a1c6468abdc47d6e6d70d625b","WikiProject_v0.5/xowa_app_windows_64_v4.6.12.2009/file/commons.wikimedia.org/orig/d/2/3/d/ToothMontage3.jpg","21102","2026-08-10T18:52:01.2395243Z","INCLUDE"
"Beekeeping","Agriculture","File:Top bar hive.JPG","CC BY 3.0","Mind Control~bgwiki","https://commons.wikimedia.org/wiki/File:Top_bar_hive.JPG","https://upload.wikimedia.org/wikipedia/commons/thumb/a/ae/Top_bar_hive.JPG/1920px-Top_bar_hive.JPG?utm_source=en.wikipedia.org&utm_campaign=imageinfo&utm_content=thumbnail","d064ef24cd488b9e8343bec58b181b53bb838191","d064ef24cd488b9e8343bec58b181b53bb838191","WikiProject_v0.5/xowa_app_windows_64_v4.6.12.2009/file/commons.wikimedia.org/orig/a/e/8/b/Top_bar_hive.JPG","666821","2026-08-10T18:51:35.8299338Z","INCLUDE"
"Abscess","Medicine","File:Ultrasound image of breast 110323101432 1023060.jpg","CC BY-SA 3.0","Nevit Dilmen ( talk )","https://commons.wikimedia.org/wiki/File:Ultrasound_image_of_breast_110323101432_1023060.jpg","https://commons.wikimedia.org/wiki/Special:Redirect/file/Ultrasound%20image%20of%20breast%20110323101432%201023060.jpg","0686082ddc5cefc9931458fbf9118f99a8f0c0ae","0686082ddc5cefc9931458fbf9118f99a8f0c0ae","WikiProject_v0.5/xowa_app_windows_64_v4.6.12.2009/file/commons.wikimedia.org/orig/d/9/f/d/Ultrasound_image_of_breast_110323101432_1023060.jpg","56027","2026-08-10T18:52:00.8470107Z","INCLUDE"
"Chickenpox","Medicine","File:Varicela Aranzales.jpg","Public domain","Camiloaranzales","https://commons.wikimedia.org/wiki/File:Varicela_Aranzales.jpg","https://commons.wikimedia.org/wiki/Special:Redirect/file/Varicela%20Aranzales.jpg","88cb11381f4874e693fe77e3f4080a1e4f064b5f","88cb11381f4874e693fe77e3f4080a1e4f064b5f","WikiProject_v0.5/xowa_app_windows_64_v4.6.12.2009/file/commons.wikimedia.org/orig/e/b/8/e/Varicela_Aranzales.jpg","782402","2026-08-10T18:52:00.8470107Z","INCLUDE"
"Shingles","Medicine","File:Varicella (Chickenpox) Virus PHIL 1878 lores.jpg","Public domain","Photo Credit: Content Providers(s): CDC/Dr. Erskine Palmer/B.G. Partin","https://commons.wikimedia.org/wiki/File:Varicella_(Chickenpox)_Virus_PHIL_1878_lores.jpg","https://commons.wikimedia.org/wiki/Special:Redirect/file/Varicella%20(Chickenpox)%20Virus%20PHIL%201878%20lores.jpg","14b37f7997ff4061cea6b4e3bad72ad83f06cd3b","14b37f7997ff4061cea6b4e3bad72ad83f06cd3b","WikiProject_v0.5/xowa_app_windows_64_v4.6.12.2009/file/commons.wikimedia.org/orig/1/6/c/8/Varicella_(Chickenpox)_Virus_PHIL_1878_lores.jpg","100877","2026-08-10T18:52:02.1311836Z","INCLUDE"
"Electronic component","Electrical","File:Verschiedene LEDs.jpg","CC BY-SA 2.0","Afrank99","https://commons.wikimedia.org/wiki/File:Verschiedene_LEDs.jpg","https://upload.wikimedia.org/wikipedia/commons/thumb/9/9e/Verschiedene_LEDs.jpg/1920px-Verschiedene_LEDs.jpg?utm_source=en.wikipedia.org&utm_campaign=imageinfo&utm_content=thumbnail","2a9c7eaafd1176c31dd9b09b01185ee953839cb0","2a9c7eaafd1176c31dd9b09b01185ee953839cb0","WikiProject_v0.5/xowa_app_windows_64_v4.6.12.2009/file/commons.wikimedia.org/orig/9/e/8/7/Verschiedene_LEDs.jpg","90576","2026-08-10T18:52:00.0155532Z","INCLUDE"
"Anatomical terminology","Medicine","File:View of Viscera Page 82.jpg","Public domain","Sue Clark","https://commons.wikimedia.org/wiki/File:View_of_Viscera_Page_82.jpg","https://upload.wikimedia.org/wikipedia/commons/2/2e/View_of_Viscera_Page_82.jpg?utm_source=en.wikipedia.org&utm_campaign=imageinfo&utm_content=original","12a5ea153ad0af0fcd713c8b8a0676db9160ff27","12a5ea153ad0af0fcd713c8b8a0676db9160ff27","WikiProject_v0.5/xowa_app_windows_64_v4.6.12.2009/file/commons.wikimedia.org/orig/2/e/c/3/View_of_Viscera_Page_82.jpg","483102","2026-08-10T18:51:36.4027935Z","INCLUDE"
"Internal combustion engine","Engineering","File:Wankel Cycle anim en.gif","CC BY-SA 3.0","User:Y_tambe","https://commons.wikimedia.org/wiki/File:Wankel_Cycle_anim_en.gif","https://upload.wikimedia.org/wikipedia/commons/f/fc/Wankel_Cycle_anim_en.gif?utm_source=en.wikipedia.org&utm_campaign=imageinfo&utm_content=original","75daccd737dba244faf38b52e8b732b1c888b25d","75daccd737dba244faf38b52e8b732b1c888b25d","WikiProject_v0.5/xowa_app_windows_64_v4.6.12.2009/file/commons.wikimedia.org/orig/f/c/a/1/Wankel_Cycle_anim_en.gif","373763","2026-08-10T18:51:40.3547130Z","INCLUDE"
"Beehive","Agriculture","File:Wbchive.JPG","Public domain","Rosser1954 at English Wikipedia","https://commons.wikimedia.org/wiki/File:Wbchive.JPG","https://upload.wikimedia.org/wikipedia/commons/thumb/e/e5/Wbchive.JPG/1280px-Wbchive.JPG?utm_source=en.wikipedia.org&utm_campaign=imageinfo&utm_content=thumbnail","6557b09d0080d07ed98df58634f6dada7aae7c3b","6557b09d0080d07ed98df58634f6dada7aae7c3b","WikiProject_v0.5/xowa_app_windows_64_v4.6.12.2009/file/commons.wikimedia.org/orig/e/5/c/3/Wbchive.JPG","349503","2026-08-10T18:51:35.8279206Z","INCLUDE"
"Wedge","Engineering","File:Wedge-diagram.svg","Public domain","Iainf 03:12, 8 July 2006 (UTC)","https://commons.wikimedia.org/wiki/File:Wedge-diagram.svg","https://upload.wikimedia.org/wikipedia/commons/0/0d/Wedge-diagram.svg?utm_source=en.wikipedia.org&utm_campaign=imageinfo&utm_content=original","731e11b54e9e644277f8eb6df1b986088cc10455","731e11b54e9e644277f8eb6df1b986088cc10455","WikiProject_v0.5/xowa_app_windows_64_v4.6.12.2009/file/commons.wikimedia.org/orig/0/d/5/4/Wedge-diagram.svg","5322","2026-08-10T18:52:00.0124981Z","INCLUDE"
"Beehive","Agriculture","File:Western honey bee on a honeycomb.jpg","CC BY-SA 4.0","Matthew T Rader","https://commons.wikimedia.org/wiki/File:Western_honey_bee_on_a_honeycomb.jpg","https://upload.wikimedia.org/wikipedia/commons/thumb/a/ae/Western_honey_bee_on_a_honeycomb.jpg/1280px-Western_honey_bee_on_a_honeycomb.jpg?utm_source=en.wikipedia.org&utm_campaign=imageinfo&utm_content=thumbnail","ad175b0aac6cee088cb54ac14039d53fe2224ea0","ad175b0aac6cee088cb54ac14039d53fe2224ea0","WikiProject_v0.5/xowa_app_windows_64_v4.6.12.2009/file/commons.wikimedia.org/orig/a/e/2/e/Western_honey_bee_on_a_honeycomb.jpg","169074","2026-08-10T18:51:35.8279206Z","INCLUDE"
"Beekeeping","Agriculture","File:World beehive stock 1961-2014 (FAO).png","CC BY-SA 4.0","Sylvainremy","https://commons.wikimedia.org/wiki/File:World_beehive_stock_1961-2014_(FAO).png","https://upload.wikimedia.org/wikipedia/commons/b/bf/World_beehive_stock_1961-2014_%28FAO%29.png?utm_source=en.wikipedia.org&utm_campaign=imageinfo&utm_content=original","813049837bc90b06cd1a002ff334024bd00170b7","813049837bc90b06cd1a002ff334024bd00170b7","WikiProject_v0.5/xowa_app_windows_64_v4.6.12.2009/file/commons.wikimedia.org/orig/b/f/9/c/World_beehive_stock_1961-2014_(FAO).png","19246","2026-08-10T18:51:35.8299338Z","INCLUDE"
"Burn","Medicine","File:Ожог кисть.jpg","CC BY-SA 3.0","goga312","https://commons.wikimedia.org/wiki/File:%D0%9E%D0%B6%D0%BE%D0%B3_%D0%BA%D0%B8%D1%81%D1%82%D1%8C.jpg","https://upload.wikimedia.org/wikipedia/commons/e/ec/%D0%9E%D0%B6%D0%BE%D0%B3_%D0%BA%D0%B8%D1%81%D1%82%D1%8C.jpg?utm_source=en.wikipedia.org&utm_campaign=imageinfo&utm_content=original","ee142ee832d161c67de8fb5def11967c10f957f2","ee142ee832d161c67de8fb5def11967c10f957f2","WikiProject_v0.5/xowa_app_windows_64_v4.6.12.2009/file/commons.wikimedia.org/orig/e/c/0/f/Ожог_кисть.jpg","59265","2026-08-10T18:51:36.4038402Z","INCLUDE"
"Bearing (mechanical)","Engineering","File:Шарикоподшипники.jpg","Public domain","Leonardo da Vinci","https://commons.wikimedia.org/wiki/File:%D0%A8%D0%B0%D1%80%D0%B8%D0%BA%D0%BE%D0%BF%D0%BE%D0%B4%D1%88%D0%B8%D0%BF%D0%BD%D0%B8%D0%BA%D0%B8.jpg","https://upload.wikimedia.org/wikipedia/commons/a/a0/%D0%A8%D0%B0%D1%80%D0%B8%D0%BA%D0%BE%D0%BF%D0%BE%D0%B4%D1%88%D0%B8%D0%BF%D0%BD%D0%B8%D0%BA%D0%B8.jpg?utm_source=en.wikipedia.org&utm_campaign=imageinfo&utm_content=original","bd115f536cad7120b11f50ac01f8f585f39c31d8","bd115f536cad7120b11f50ac01f8f585f39c31d8","WikiProject_v0.5/xowa_app_windows_64_v4.6.12.2009/file/commons.wikimedia.org/orig/a/0/9/c/Шарикоподшипники.jpg","31043","2026-08-10T18:51:39.8363021Z","INCLUDE"
